Date,daily_births
1/1/1977,208
1/2/1977,241
1/3/1977,274
1/4/1977,256
1/5/1977,294
1/6/1977,281
1/7/1977,251
1/8/1977,230
1/9/1977,240
1/10/1977,249
1/11/1977,272
1/12/1977,270
1/13/1977,281
1/14/1977,295
1/15/1977,213
1/16/1977,205
1/17/1977,263
1/18/1977,270
1/19/1977,266
1/20/1977,312
1/21/1977,294
1/22/1977,243
1/23/1977,187
1/24/1977,284
1/25/1977,274
1/26/1977,311
1/27/1977,270
1/28/1977,264
1/29/1977,220
1/30/1977,219
1/31/1977,263
2/1/1977,271
2/2/1977,305
2/3/1977,283
2/4/1977,269
2/5/1977,229
2/6/1977,222
2/7/1977,281
2/8/1977,277
2/9/1977,265
2/10/1977,282
2/11/1977,271
2/12/1977,242
2/13/1977,212
2/14/1977,268
2/15/1977,279
2/16/1977,272
2/17/1977,252
2/18/1977,294
2/19/1977,235
2/20/1977,202
2/21/1977,268
2/22/1977,295
2/23/1977,314
2/24/1977,279
2/25/1977,314
2/26/1977,239
2/27/1977,236
2/28/1977,290
3/1/1977,307
3/2/1977,303
3/3/1977,300
3/4/1977,275
3/5/1977,253
3/6/1977,204
3/7/1977,294
3/8/1977,305
3/9/1977,318
3/10/1977,281
3/11/1977,295
3/12/1977,251
3/13/1977,226
3/14/1977,286
3/15/1977,309
3/16/1977,319
3/17/1977,311
3/18/1977,294
3/19/1977,266
3/20/1977,221
3/21/1977,294
3/22/1977,301
3/23/1977,288
3/24/1977,301
3/25/1977,289
3/26/1977,258
3/27/1977,217
3/28/1977,237
3/29/1977,311
3/30/1977,260
3/31/1977,308
4/1/1977,316
4/2/1977,258
4/3/1977,229
4/4/1977,290
4/5/1977,326
4/6/1977,313
4/7/1977,302
4/8/1977,270
4/9/1977,249
4/10/1977,194
4/11/1977,253
4/12/1977,314
4/13/1977,298
4/14/1977,343
4/15/1977,319
4/16/1977,244
4/17/1977,235
4/18/1977,288
4/19/1977,347
4/20/1977,285
4/21/1977,300
4/22/1977,285
4/23/1977,231
4/24/1977,240
4/25/1977,333
4/26/1977,284
4/27/1977,304
4/28/1977,324
4/29/1977,255
4/30/1977,248
5/1/1977,261
5/2/1977,311
5/3/1977,299
5/4/1977,304
5/5/1977,319
5/6/1977,321
5/7/1977,245
5/8/1977,188
5/9/1977,302
5/10/1977,316
5/11/1977,316
5/12/1977,311
5/13/1977,280
5/14/1977,199
5/15/1977,225
5/16/1977,320
5/17/1977,294
5/18/1977,328
5/19/1977,279
5/20/1977,309
5/21/1977,255
5/22/1977,230
5/23/1977,264
5/24/1977,292
5/25/1977,322
5/26/1977,302
5/27/1977,312
5/28/1977,211
5/29/1977,222
5/30/1977,293
5/31/1977,253
6/1/1977,307
6/2/1977,271
6/3/1977,314
6/4/1977,217
6/5/1977,227
6/6/1977,293
6/7/1977,293
6/8/1977,281
6/9/1977,285
6/10/1977,286
6/11/1977,226
6/12/1977,233
6/13/1977,279
6/14/1977,305
6/15/1977,269
6/16/1977,276
6/17/1977,298
6/18/1977,205
6/19/1977,217
6/20/1977,264
6/21/1977,295
6/22/1977,346
6/23/1977,333
6/24/1977,219
6/25/1977,231
6/26/1977,200
6/27/1977,265
6/28/1977,294
6/29/1977,307
6/30/1977,327
7/1/1977,298
7/2/1977,239
7/3/1977,212
7/4/1977,263
7/5/1977,292
7/6/1977,266
7/7/1977,298
7/8/1977,288
7/9/1977,237
7/10/1977,239
7/11/1977,260
7/12/1977,285
7/13/1977,279
7/14/1977,297
7/15/1977,306
7/16/1977,220
7/17/1977,219
7/18/1977,256
7/19/1977,304
7/20/1977,303
7/21/1977,250
7/22/1977,280
7/23/1977,219
7/24/1977,209
7/25/1977,269
7/26/1977,277
7/27/1977,308
7/28/1977,274
7/29/1977,291
7/30/1977,270
7/31/1977,227
8/1/1977,252
8/2/1977,286
8/3/1977,296
8/4/1977,303
8/5/1977,279
8/6/1977,224
8/7/1977,205
8/8/1977,256
8/9/1977,319
8/10/1977,302
8/11/1977,281
8/12/1977,272
8/13/1977,244
8/14/1977,212
8/15/1977,278
8/16/1977,297
8/17/1977,266
8/18/1977,300
8/19/1977,290
8/20/1977,220
8/21/1977,233
8/22/1977,226
8/23/1977,268
8/24/1977,272
8/25/1977,251
8/26/1977,293
8/27/1977,210
8/28/1977,242
8/29/1977,267
8/30/1977,289
8/31/1977,293
9/1/1977,318
9/2/1977,270
9/3/1977,204
9/4/1977,219
9/5/1977,213
9/6/1977,256
9/7/1977,283
9/8/1977,265
9/9/1977,291
9/10/1977,205
9/11/1977,241
9/12/1977,263
9/13/1977,277
9/14/1977,273
9/15/1977,293
9/16/1977,292
9/17/1977,240
9/18/1977,207
9/19/1977,286
9/20/1977,325
9/21/1977,316
9/22/1977,292
9/23/1977,306
9/24/1977,246
9/25/1977,202
9/26/1977,313
9/27/1977,321
9/28/1977,333
9/29/1977,319
9/30/1977,336
10/1/1977,252
10/2/1977,208
10/3/1977,259
10/4/1977,293
10/5/1977,271
10/6/1977,305
10/7/1977,297
10/8/1977,223
10/9/1977,224
10/10/1977,274
10/11/1977,280
10/12/1977,312
10/13/1977,292
10/14/1977,300
10/15/1977,263
10/16/1977,227
10/17/1977,269
10/18/1977,292
10/19/1977,286
10/20/1977,313
10/21/1977,267
10/22/1977,231
10/23/1977,196
10/24/1977,259
10/25/1977,309
10/26/1977,332
10/27/1977,267
10/28/1977,256
10/29/1977,246
10/30/1977,202
10/31/1977,252
11/1/1977,306
11/2/1977,291
11/3/1977,239
11/4/1977,275
11/5/1977,202
11/6/1977,193
11/7/1977,276
11/8/1977,279
11/9/1977,257
11/10/1977,241
11/11/1977,265
11/12/1977,243
11/13/1977,192
11/14/1977,224
11/15/1977,264
11/16/1977,284
11/17/1977,274
11/18/1977,286
11/19/1977,220
11/20/1977,227
11/21/1977,250
11/22/1977,281
11/23/1977,267
11/24/1977,236
11/25/1977,282
11/26/1977,226
11/27/1977,207
11/28/1977,289
11/29/1977,269
11/30/1977,294
12/1/1977,258
12/2/1977,296
12/3/1977,219
12/4/1977,227
12/5/1977,227
12/6/1977,257
12/7/1977,259
12/8/1977,255
12/9/1977,219
12/10/1977,200
12/11/1977,193
12/12/1977,231
12/13/1977,258
12/14/1977,243
12/15/1977,265
12/16/1977,256
12/17/1977,195
12/18/1977,184
12/19/1977,236
12/20/1977,300
12/21/1977,264
12/22/1977,300
12/23/1977,207
12/24/1977,175
12/25/1977,142
12/26/1977,181
12/27/1977,223
12/28/1977,268
12/29/1977,241
12/30/1977,234
12/31/1977,173
1/1/1978,188
1/2/1978,221
1/3/1978,216
1/4/1978,277
1/5/1978,261
1/6/1978,270
1/7/1978,191
1/8/1978,191
1/9/1978,247
1/10/1978,289
1/11/1978,273
1/12/1978,279
1/13/1978,256
1/14/1978,222
1/15/1978,204
1/16/1978,227
1/17/1978,289
1/18/1978,267
1/19/1978,261
1/20/1978,261
1/21/1978,247
1/22/1978,214
1/23/1978,250
1/24/1978,276
1/25/1978,275
1/26/1978,270
1/27/1978,267
1/28/1978,218
1/29/1978,193
1/30/1978,243
1/31/1978,285
2/1/1978,244
2/2/1978,289
2/3/1978,274
2/4/1978,235
2/5/1978,209
2/6/1978,281
2/7/1978,313
2/8/1978,282
2/9/1978,285
2/10/1978,298
2/11/1978,259
2/12/1978,184
2/13/1978,266
2/14/1978,312
2/15/1978,285
2/16/1978,288
2/17/1978,286
2/18/1978,218
2/19/1978,227
2/20/1978,290
2/21/1978,292
2/22/1978,288
2/23/1978,276
2/24/1978,300
2/25/1978,208
2/26/1978,206
2/27/1978,276
2/28/1978,325
3/1/1978,288
3/2/1978,264
3/3/1978,326
3/4/1978,240
3/5/1978,207
3/6/1978,265
3/7/1978,292
3/8/1978,308
3/9/1978,282
3/10/1978,288
3/11/1978,218
3/12/1978,201
3/13/1978,250
3/14/1978,301
3/15/1978,314
3/16/1978,315
3/17/1978,312
3/18/1978,255
3/19/1978,220
3/20/1978,281
3/21/1978,303
3/22/1978,333
3/23/1978,319
3/24/1978,265
3/25/1978,201
3/26/1978,207
3/27/1978,265
3/28/1978,317
3/29/1978,287
3/30/1978,318
3/31/1978,291
4/1/1978,268
4/2/1978,217
4/3/1978,272
4/4/1978,275
4/5/1978,335
4/6/1978,303
4/7/1978,305
4/8/1978,257
4/9/1978,247
4/10/1978,310
4/11/1978,314
4/12/1978,271
4/13/1978,323
4/14/1978,266
4/15/1978,240
4/16/1978,189
4/17/1978,279
4/18/1978,299
4/19/1978,315
4/20/1978,321
4/21/1978,321
4/22/1978,262
4/23/1978,228
4/24/1978,279
4/25/1978,269
4/26/1978,297
4/27/1978,305
4/28/1978,301
4/29/1978,243
4/30/1978,211
5/1/1978,292
5/2/1978,303
5/3/1978,300
5/4/1978,279
5/5/1978,296
5/6/1978,239
5/7/1978,217
5/8/1978,292
5/9/1978,309
5/10/1978,303
5/11/1978,269
5/12/1978,317
5/13/1978,245
5/14/1978,260
5/15/1978,312
5/16/1978,285
5/17/1978,306
5/18/1978,344
5/19/1978,324
5/20/1978,244
5/21/1978,218
5/22/1978,250
5/23/1978,287
5/24/1978,346
5/25/1978,310
5/26/1978,295
5/27/1978,241
5/28/1978,242
5/29/1978,260
5/30/1978,272
5/31/1978,338
6/1/1978,313
6/2/1978,268
6/3/1978,225
6/4/1978,220
6/5/1978,261
6/6/1978,279
6/7/1978,282
6/8/1978,302
6/9/1978,281
6/10/1978,203
6/11/1978,193
6/12/1978,284
6/13/1978,303
6/14/1978,305
6/15/1978,268
6/16/1978,277
6/17/1978,224
6/18/1978,211
6/19/1978,274
6/20/1978,309
6/21/1978,309
6/22/1978,285
6/23/1978,230
6/24/1978,212
6/25/1978,225
6/26/1978,271
6/27/1978,287
6/28/1978,304
6/29/1978,307
6/30/1978,242
7/1/1978,198
7/2/1978,198
7/3/1978,242
7/4/1978,284
7/5/1978,290
7/6/1978,315
7/7/1978,299
7/8/1978,244
7/9/1978,249
7/10/1978,279
7/11/1978,295
7/12/1978,286
7/13/1978,275
7/14/1978,261
7/15/1978,210
7/16/1978,200
7/17/1978,290
7/18/1978,264
7/19/1978,252
7/20/1978,285
7/21/1978,252
7/22/1978,247
7/23/1978,222
7/24/1978,234
7/25/1978,285
7/26/1978,262
7/27/1978,283
7/28/1978,279
7/29/1978,221
7/30/1978,208
7/31/1978,258
8/1/1978,291
8/2/1978,290
8/3/1978,299
8/4/1978,239
8/5/1978,236
8/6/1978,212
8/7/1978,282
8/8/1978,304
8/9/1978,265
8/10/1978,300
8/11/1978,257
8/12/1978,208
8/13/1978,202
8/14/1978,283
8/15/1978,282
8/16/1978,272
8/17/1978,321
8/18/1978,295
8/19/1978,244
8/20/1978,210
8/21/1978,246
8/22/1978,283
8/23/1978,284
8/24/1978,255
8/25/1978,245
8/26/1978,217
8/27/1978,178
8/28/1978,287
8/29/1978,279
8/30/1978,249
8/31/1978,271
9/1/1978,278
9/2/1978,196
9/3/1978,213
9/4/1978,200
9/5/1978,298
9/6/1978,279
9/7/1978,269
9/8/1978,278
9/9/1978,221
9/10/1978,202
9/11/1978,246
9/12/1978,301
9/13/1978,256
9/14/1978,290
9/15/1978,302
9/16/1978,228
9/17/1978,212
9/18/1978,255
9/19/1978,313
9/20/1978,271
9/21/1978,296
9/22/1978,284
9/23/1978,238
9/24/1978,220
9/25/1978,287
9/26/1978,350
9/27/1978,287
9/28/1978,342
9/29/1978,298
9/30/1978,215
10/1/1978,228
10/2/1978,272
10/3/1978,275
10/4/1978,255
10/5/1978,282
10/6/1978,300
10/7/1978,217
10/8/1978,175
10/9/1978,224
10/10/1978,265
10/11/1978,304
10/12/1978,256
10/13/1978,276
10/14/1978,187
10/15/1978,222
10/16/1978,231
10/17/1978,292
10/18/1978,247
10/19/1978,259
10/20/1978,278
10/21/1978,236
10/22/1978,228
10/23/1978,263
10/24/1978,293
10/25/1978,285
10/26/1978,220
10/27/1978,258
10/28/1978,224
10/29/1978,201
10/30/1978,212
10/31/1978,247
11/1/1978,280
11/2/1978,253
11/3/1978,237
11/4/1978,186
11/5/1978,193
11/6/1978,221
11/7/1978,288
11/8/1978,273
11/9/1978,282
11/10/1978,249
11/11/1978,220
11/12/1978,189
11/13/1978,272
11/14/1978,267
11/15/1978,270
11/16/1978,283
11/17/1978,263
11/18/1978,216
11/19/1978,190
11/20/1978,262
11/21/1978,265
11/22/1978,255
11/23/1978,247
11/24/1978,271
11/25/1978,203
11/26/1978,206
11/27/1978,242
11/28/1978,275
11/29/1978,249
11/30/1978,288
12/1/1978,278
12/2/1978,233
12/3/1978,205
12/4/1978,242
12/5/1978,254
12/6/1978,255
12/7/1978,283
12/8/1978,273
12/9/1978,199
12/10/1978,208
12/11/1978,269
12/12/1978,297
12/13/1978,262
12/14/1978,268
12/15/1978,288
12/16/1978,238
12/17/1978,204
12/18/1978,262
12/19/1978,283
12/20/1978,271
12/21/1978,274
12/22/1978,242
12/23/1978,208
12/24/1978,190
12/25/1978,179
12/26/1978,202
12/27/1978,240
12/28/1978,283
12/29/1978,260
12/30/1978,199
12/31/1978,211
1/1/1979,208
1/2/1979,219
1/3/1979,229
1/4/1979,242
1/5/1979,280
1/6/1979,192
1/7/1979,165
1/8/1979,264
1/9/1979,230
1/10/1979,279
1/11/1979,271
1/12/1979,267
1/13/1979,185
1/14/1979,208
1/15/1979,261
1/16/1979,254
1/17/1979,253
1/18/1979,270
1/19/1979,271
1/20/1979,224
1/21/1979,230
1/22/1979,280
1/23/1979,249
1/24/1979,276
1/25/1979,275
1/26/1979,277
1/27/1979,218
1/28/1979,222
1/29/1979,270
1/30/1979,291
1/31/1979,260
2/1/1979,287
2/2/1979,260
2/3/1979,204
2/4/1979,214
2/5/1979,236
2/6/1979,301
2/7/1979,275
2/8/1979,265
2/9/1979,255
2/10/1979,207
2/11/1979,213
2/12/1979,221
2/13/1979,296
2/14/1979,276
2/15/1979,279
2/16/1979,251
2/17/1979,204
2/18/1979,222
2/19/1979,250
2/20/1979,270
2/21/1979,279
2/22/1979,322
2/23/1979,305
2/24/1979,221
2/25/1979,207
2/26/1979,283
2/27/1979,290
2/28/1979,295
3/1/1979,322
3/2/1979,307
3/3/1979,248
3/4/1979,207
3/5/1979,288
3/6/1979,285
3/7/1979,299
3/8/1979,309
3/9/1979,284
3/10/1979,258
3/11/1979,211
3/12/1979,279
3/13/1979,297
3/14/1979,307
3/15/1979,308
3/16/1979,292
3/17/1979,233
3/18/1979,237
3/19/1979,282
3/20/1979,307
3/21/1979,330
3/22/1979,311
3/23/1979,279
3/24/1979,255
3/25/1979,236
3/26/1979,287
3/27/1979,319
3/28/1979,302
3/29/1979,321
3/30/1979,303
3/31/1979,250
4/1/1979,234
4/2/1979,291
4/3/1979,327
4/4/1979,321
4/5/1979,326
4/6/1979,347
4/7/1979,225
4/8/1979,224
4/9/1979,286
4/10/1979,311
4/11/1979,326
4/12/1979,317
4/13/1979,292
4/14/1979,285
4/15/1979,237
4/16/1979,255
4/17/1979,309
4/18/1979,321
4/19/1979,311
4/20/1979,319
4/21/1979,263
4/22/1979,245
4/23/1979,275
4/24/1979,317
4/25/1979,300
4/26/1979,305
4/27/1979,295
4/28/1979,240
4/29/1979,206
4/30/1979,291
5/1/1979,317
5/2/1979,301
5/3/1979,290
5/4/1979,302
5/5/1979,242
5/6/1979,203
5/7/1979,307
5/8/1979,343
5/9/1979,333
5/10/1979,314
5/11/1979,326
5/12/1979,230
5/13/1979,227
5/14/1979,296
5/15/1979,313
5/16/1979,306
5/17/1979,322
5/18/1979,340
5/19/1979,244
5/20/1979,273
5/21/1979,255
5/22/1979,296
5/23/1979,274
5/24/1979,284
5/25/1979,338
5/26/1979,217
5/27/1979,187
5/28/1979,302
5/29/1979,298
5/30/1979,289
5/31/1979,332
6/1/1979,287
6/2/1979,232
6/3/1979,224
6/4/1979,301
6/5/1979,308
6/6/1979,288
6/7/1979,303
6/8/1979,307
6/9/1979,260
6/10/1979,219
6/11/1979,322
6/12/1979,284
6/13/1979,306
6/14/1979,275
6/15/1979,262
6/16/1979,240
6/17/1979,248
6/18/1979,289
6/19/1979,316
6/20/1979,284
6/21/1979,345
6/22/1979,324
6/23/1979,224
6/24/1979,217
6/25/1979,241
6/26/1979,310
6/27/1979,298
6/28/1979,339
6/29/1979,313
6/30/1979,252
7/1/1979,207
7/2/1979,235
7/3/1979,313
7/4/1979,307
7/5/1979,317
7/6/1979,322
7/7/1979,269
7/8/1979,218
7/9/1979,273
7/10/1979,327
7/11/1979,318
7/12/1979,318
7/13/1979,324
7/14/1979,228
7/15/1979,231
7/16/1979,260
7/17/1979,309
7/18/1979,298
7/19/1979,311
7/20/1979,266
7/21/1979,227
7/22/1979,178
7/23/1979,314
7/24/1979,335
7/25/1979,294
7/26/1979,299
7/27/1979,272
7/28/1979,234
7/29/1979,195
7/30/1979,279
7/31/1979,285
8/1/1979,286
8/2/1979,278
8/3/1979,288
8/4/1979,222
8/5/1979,216
8/6/1979,295
8/7/1979,264
8/8/1979,294
8/9/1979,304
8/10/1979,305
8/11/1979,228
8/12/1979,216
8/13/1979,260
8/14/1979,276
8/15/1979,305
8/16/1979,290
8/17/1979,294
8/18/1979,249
8/19/1979,223
8/20/1979,279
8/21/1979,312
8/22/1979,297
8/23/1979,284
8/24/1979,317
8/25/1979,248
8/26/1979,202
8/27/1979,259
8/28/1979,297
8/29/1979,249
8/30/1979,295
8/31/1979,275
9/1/1979,204
9/2/1979,199
9/3/1979,226
9/4/1979,280
9/5/1979,301
9/6/1979,329
9/7/1979,307
9/8/1979,208
9/9/1979,222
9/10/1979,298
9/11/1979,329
9/12/1979,320
9/13/1979,305
9/14/1979,327
9/15/1979,226
9/16/1979,251
9/17/1979,281
9/18/1979,365
9/19/1979,311
9/20/1979,332
9/21/1979,305
9/22/1979,277
9/23/1979,210
9/24/1979,309
9/25/1979,347
9/26/1979,338
9/27/1979,358
9/28/1979,344
9/29/1979,243
9/30/1979,233
10/1/1979,265
10/2/1979,300
10/3/1979,278
10/4/1979,328
10/5/1979,286
10/6/1979,246
10/7/1979,240
10/8/1979,229
10/9/1979,275
10/10/1979,259
10/11/1979,292
10/12/1979,311
10/13/1979,230
10/14/1979,234
10/15/1979,276
10/16/1979,281
10/17/1979,313
10/18/1979,285
10/19/1979,275
10/20/1979,224
10/21/1979,203
10/22/1979,266
10/23/1979,294
10/24/1979,275
10/25/1979,273
10/26/1979,279
10/27/1979,230
10/28/1979,202
10/29/1979,270
10/30/1979,283
10/31/1979,285
11/1/1979,258
11/2/1979,257
11/3/1979,227
11/4/1979,214
11/5/1979,242
11/6/1979,305
11/7/1979,284
11/8/1979,316
11/9/1979,288
11/10/1979,254
11/11/1979,221
11/12/1979,295
11/13/1979,260
11/14/1979,288
11/15/1979,270
11/16/1979,245
11/17/1979,201
11/18/1979,222
11/19/1979,263
11/20/1979,288
11/21/1979,248
11/22/1979,249
11/23/1979,280
11/24/1979,199
11/25/1979,189
11/26/1979,279
11/27/1979,285
11/28/1979,262
11/29/1979,294
11/30/1979,256
12/1/1979,206
12/2/1979,176
12/3/1979,227
12/4/1979,277
12/5/1979,297
12/6/1979,276
12/7/1979,277
12/8/1979,206
12/9/1979,221
12/10/1979,257
12/11/1979,273
12/12/1979,267
12/13/1979,272
12/14/1979,254
12/15/1979,222
12/16/1979,205
12/17/1979,267
12/18/1979,296
12/19/1979,282
12/20/1979,276
12/21/1979,275
12/22/1979,186
12/23/1979,189
12/24/1979,206
12/25/1979,192
12/26/1979,221
12/27/1979,285
12/28/1979,327
12/29/1979,226
12/30/1979,213
12/31/1979,230
1/1/1980,208
1/2/1980,229
1/3/1980,291
1/4/1980,273
1/5/1980,226
1/6/1980,216
1/7/1980,225
1/8/1980,284
1/9/1980,279
1/10/1980,241
1/11/1980,267
1/12/1980,211
1/13/1980,202
1/14/1980,268
1/15/1980,264
1/16/1980,270
1/17/1980,302
1/18/1980,286
1/19/1980,218
1/20/1980,201
1/21/1980,276
1/22/1980,278
1/23/1980,244
1/24/1980,243
1/25/1980,267
1/26/1980,220
1/27/1980,212
1/28/1980,247
1/29/1980,280
1/30/1980,251
1/31/1980,259
2/1/1980,265
2/2/1980,219
2/3/1980,207
2/4/1980,282
2/5/1980,269
2/6/1980,253
2/7/1980,306
2/8/1980,264
2/9/1980,213
2/10/1980,207
2/11/1980,242
2/12/1980,310
2/13/1980,246
2/14/1980,300
2/15/1980,279
2/16/1980,220
2/17/1980,234
2/18/1980,262
2/19/1980,316
2/20/1980,285
2/21/1980,328
2/22/1980,255
2/23/1980,223
2/24/1980,215
2/25/1980,264
2/26/1980,314
2/27/1980,317
2/28/1980,312
2/29/1980,255
3/1/1980,250
3/2/1980,215
3/3/1980,236
3/4/1980,284
3/5/1980,285
3/6/1980,298
3/7/1980,282
3/8/1980,243
3/9/1980,248
3/10/1980,284
3/11/1980,289
3/12/1980,291
3/13/1980,285
3/14/1980,271
3/15/1980,235
3/16/1980,220
3/17/1980,304
3/18/1980,297
3/19/1980,311
3/20/1980,275
3/21/1980,296
3/22/1980,261
3/23/1980,257
3/24/1980,298
3/25/1980,300
3/26/1980,293
3/27/1980,290
3/28/1980,273
3/29/1980,242
3/30/1980,214
3/31/1980,278
4/1/1980,323
4/2/1980,333
4/3/1980,328
4/4/1980,251
4/5/1980,225
4/6/1980,217
4/7/1980,248
4/8/1980,298
4/9/1980,294
4/10/1980,326
4/11/1980,295
4/12/1980,279
4/13/1980,227
4/14/1980,296
4/15/1980,284
4/16/1980,315
4/17/1980,296
4/18/1980,291
4/19/1980,234
4/20/1980,220
4/21/1980,298
4/22/1980,305
4/23/1980,276
4/24/1980,329
4/25/1980,296
4/26/1980,245
4/27/1980,232
4/28/1980,294
4/29/1980,325
4/30/1980,325
5/1/1980,304
5/2/1980,292
5/3/1980,215
5/4/1980,237
5/5/1980,293
5/6/1980,259
5/7/1980,270
5/8/1980,300
5/9/1980,280
5/10/1980,245
5/11/1980,241
5/12/1980,297
5/13/1980,314
5/14/1980,324
5/15/1980,318
5/16/1980,277
5/17/1980,213
5/18/1980,233
5/19/1980,267
5/20/1980,306
5/21/1980,319
5/22/1980,326
5/23/1980,339
5/24/1980,250
5/25/1980,233
5/26/1980,307
5/27/1980,284
5/28/1980,306
5/29/1980,282
5/30/1980,291
5/31/1980,232
6/1/1980,227
6/2/1980,312
6/3/1980,333
6/4/1980,312
6/5/1980,312
6/6/1980,291
6/7/1980,226
6/8/1980,216
6/9/1980,281
6/10/1980,301
6/11/1980,255
6/12/1980,320
6/13/1980,246
6/14/1980,227
6/15/1980,225
6/16/1980,279
6/17/1980,284
6/18/1980,284
6/19/1980,288
6/20/1980,301
6/21/1980,248
6/22/1980,223
6/23/1980,292
6/24/1980,251
6/25/1980,301
6/26/1980,346
6/27/1980,339
6/28/1980,247
6/29/1980,200
6/30/1980,259
7/1/1980,250
7/2/1980,283
7/3/1980,329
7/4/1980,313
7/5/1980,218
7/6/1980,244
7/7/1980,253
7/8/1980,325
7/9/1980,272
7/10/1980,328
7/11/1980,306
7/12/1980,248
7/13/1980,194
7/14/1980,257
7/15/1980,292
7/16/1980,258
7/17/1980,302
7/18/1980,283
7/19/1980,240
7/20/1980,230
7/21/1980,296
7/22/1980,289
7/23/1980,280
7/24/1980,294
7/25/1980,310
7/26/1980,223
7/27/1980,213
7/28/1980,275
7/29/1980,260
7/30/1980,299
7/31/1980,262
8/1/1980,323
8/2/1980,224
8/3/1980,193
8/4/1980,239
8/5/1980,301
8/6/1980,268
8/7/1980,264
8/8/1980,261
8/9/1980,230
8/10/1980,217
8/11/1980,250
8/12/1980,328
8/13/1980,307
8/14/1980,294
8/15/1980,302
8/16/1980,208
8/17/1980,198
8/18/1980,255
8/19/1980,302
8/20/1980,249
8/21/1980,278
8/22/1980,314
8/23/1980,265
8/24/1980,203
8/25/1980,309
8/26/1980,290
8/27/1980,310
8/28/1980,275
8/29/1980,285
8/30/1980,247
8/31/1980,198
9/1/1980,224
9/2/1980,241
9/3/1980,286
9/4/1980,277
9/5/1980,308
9/6/1980,232
9/7/1980,206
9/8/1980,248
9/9/1980,307
9/10/1980,270
9/11/1980,305
9/12/1980,281
9/13/1980,211
9/14/1980,260
9/15/1980,298
9/16/1980,323
9/17/1980,350
9/18/1980,287
9/19/1980,341
9/20/1980,218
9/21/1980,246
9/22/1980,320
9/23/1980,339
9/24/1980,336
9/25/1980,334
9/26/1980,333
9/27/1980,231
9/28/1980,222
9/29/1980,317
9/30/1980,366
10/1/1980,283
10/2/1980,312
10/3/1980,279
10/4/1980,230
10/5/1980,195
10/6/1980,300
10/7/1980,299
10/8/1980,268
10/9/1980,313
10/10/1980,299
10/11/1980,222
10/12/1980,215
10/13/1980,237
10/14/1980,277
10/15/1980,288
10/16/1980,276
10/17/1980,252
10/18/1980,221
10/19/1980,219
10/20/1980,284
10/21/1980,332
10/22/1980,259
10/23/1980,281
10/24/1980,268
10/25/1980,208
10/26/1980,231
10/27/1980,260
10/28/1980,282
10/29/1980,276
10/30/1980,267
10/31/1980,231
11/1/1980,231
11/2/1980,213
11/3/1980,216
11/4/1980,247
11/5/1980,273
11/6/1980,296
11/7/1980,251
11/8/1980,222
11/9/1980,179
11/10/1980,233
11/11/1980,285
11/12/1980,289
11/13/1980,281
11/14/1980,254
11/15/1980,225
11/16/1980,176
11/17/1980,279
11/18/1980,270
11/19/1980,279
11/20/1980,273
11/21/1980,273
11/22/1980,172
11/23/1980,188
11/24/1980,267
11/25/1980,261
11/26/1980,316
11/27/1980,252
11/28/1980,257
11/29/1980,214
11/30/1980,183
12/1/1980,270
12/2/1980,257
12/3/1980,256
12/4/1980,252
12/5/1980,267
12/6/1980,193
12/7/1980,173
12/8/1980,261
12/9/1980,254
12/10/1980,248
12/11/1980,273
12/12/1980,254
12/13/1980,212
12/14/1980,188
12/15/1980,273
12/16/1980,286
12/17/1980,268
12/18/1980,285
12/19/1980,310
12/20/1980,205
12/21/1980,190
12/22/1980,263
12/23/1980,263
12/24/1980,232
12/25/1980,168
12/26/1980,216
12/27/1980,207
12/28/1980,213
12/29/1980,278
12/30/1980,286
12/31/1980,281
1/1/1981,211
1/2/1981,254
1/3/1981,196
1/4/1981,232
1/5/1981,282
1/6/1981,289
1/7/1981,279
1/8/1981,242
1/9/1981,294
1/10/1981,203
1/11/1981,208
1/12/1981,265
1/13/1981,273
1/14/1981,247
1/15/1981,251
1/16/1981,247
1/17/1981,234
1/18/1981,218
1/19/1981,267
1/20/1981,280
1/21/1981,272
1/22/1981,260
1/23/1981,273
1/24/1981,176
1/25/1981,204
1/26/1981,247
1/27/1981,275
1/28/1981,285
1/29/1981,279
1/30/1981,273
1/31/1981,211
2/1/1981,183
2/2/1981,279
2/3/1981,255
2/4/1981,276
2/5/1981,260
2/6/1981,298
2/7/1981,212
2/8/1981,203
2/9/1981,266
2/10/1981,290
2/11/1981,277
2/12/1981,291
2/13/1981,253
2/14/1981,185
2/15/1981,212
2/16/1981,258
2/17/1981,309
2/18/1981,281
2/19/1981,276
2/20/1981,276
2/21/1981,214
2/22/1981,234
2/23/1981,279
2/24/1981,300
2/25/1981,299
2/26/1981,298
2/27/1981,278
2/28/1981,224
3/1/1981,232
3/2/1981,276
3/3/1981,301
3/4/1981,264
3/5/1981,286
3/6/1981,318
3/7/1981,233
3/8/1981,233
3/9/1981,285
3/10/1981,301
3/11/1981,279
3/12/1981,312
3/13/1981,305
3/14/1981,225
3/15/1981,186
3/16/1981,287
3/17/1981,306
3/18/1981,336
3/19/1981,295
3/20/1981,290
3/21/1981,223
3/22/1981,221
3/23/1981,325
3/24/1981,298
3/25/1981,279
3/26/1981,305
3/27/1981,324
3/28/1981,209
3/29/1981,224
3/30/1981,298
3/31/1981,340
4/1/1981,306
4/2/1981,298
4/3/1981,300
4/4/1981,244
4/5/1981,224
4/6/1981,317
4/7/1981,305
4/8/1981,292
4/9/1981,311
4/10/1981,324
4/11/1981,210
4/12/1981,206
4/13/1981,256
4/14/1981,302
4/15/1981,291
4/16/1981,341
4/17/1981,290
4/18/1981,222
4/19/1981,207
4/20/1981,265
4/21/1981,309
4/22/1981,303
4/23/1981,330
4/24/1981,344
4/25/1981,254
4/26/1981,230
4/27/1981,288
4/28/1981,298
4/29/1981,308
4/30/1981,288
5/1/1981,284
5/2/1981,210
5/3/1981,233
5/4/1981,311
5/5/1981,311
5/6/1981,311
5/7/1981,289
5/8/1981,322
5/9/1981,225
5/10/1981,228
5/11/1981,273
5/12/1981,295
5/13/1981,283
5/14/1981,314
5/15/1981,293
5/16/1981,198
5/17/1981,203
5/18/1981,255
5/19/1981,303
5/20/1981,298
5/21/1981,300
5/22/1981,305
5/23/1981,250
5/24/1981,199
5/25/1981,276
5/26/1981,276
5/27/1981,275
5/28/1981,297
5/29/1981,287
5/30/1981,222
5/31/1981,201
6/1/1981,272
6/2/1981,281
6/3/1981,260
6/4/1981,299
6/5/1981,265
6/6/1981,264
6/7/1981,212
6/8/1981,296
6/9/1981,296
6/10/1981,284
6/11/1981,277
6/12/1981,296
6/13/1981,235
6/14/1981,204
6/15/1981,257
6/16/1981,309
6/17/1981,313
6/18/1981,334
6/19/1981,299
6/20/1981,202
6/21/1981,221
6/22/1981,271
6/23/1981,324
6/24/1981,256
6/25/1981,284
6/26/1981,286
6/27/1981,212
6/28/1981,209
6/29/1981,299
6/30/1981,298
7/1/1981,269
7/2/1981,296
7/3/1981,264
7/4/1981,215
7/5/1981,208
7/6/1981,313
7/7/1981,308
7/8/1981,303
7/9/1981,260
7/10/1981,287
7/11/1981,197
7/12/1981,186
7/13/1981,256
7/14/1981,304
7/15/1981,285
7/16/1981,322
7/17/1981,295
7/18/1981,217
7/19/1981,209
7/20/1981,280
7/21/1981,300
7/22/1981,302
7/23/1981,291
7/24/1981,282
7/25/1981,185
7/26/1981,192
7/27/1981,285
7/28/1981,302
7/29/1981,264
7/30/1981,303
7/31/1981,252
8/1/1981,236
8/2/1981,203
8/3/1981,279
8/4/1981,296
8/5/1981,297
8/6/1981,292
8/7/1981,293
8/8/1981,208
8/9/1981,192
8/10/1981,290
8/11/1981,287
8/12/1981,295
8/13/1981,283
8/14/1981,291
8/15/1981,233
8/16/1981,212
8/17/1981,269
8/18/1981,306
8/19/1981,281
8/20/1981,265
8/21/1981,314
8/22/1981,213
8/23/1981,209
8/24/1981,272
8/25/1981,275
8/26/1981,276
8/27/1981,271
8/28/1981,275
8/29/1981,232
8/30/1981,203
8/31/1981,257
9/1/1981,278
9/2/1981,290
9/3/1981,279
9/4/1981,296
9/5/1981,232
9/6/1981,225
9/7/1981,211
9/8/1981,303
9/9/1981,298
9/10/1981,304
9/11/1981,256
9/12/1981,212
9/13/1981,233
9/14/1981,277
9/15/1981,319
9/16/1981,306
9/17/1981,300
9/18/1981,318
9/19/1981,216
9/20/1981,218
9/21/1981,267
9/22/1981,301
9/23/1981,300
9/24/1981,297
9/25/1981,298
9/26/1981,239
9/27/1981,200
9/28/1981,279
9/29/1981,267
9/30/1981,288
10/1/1981,281
10/2/1981,296
10/3/1981,216
10/4/1981,202
10/5/1981,266
10/6/1981,300
10/7/1981,279
10/8/1981,303
10/9/1981,282
10/10/1981,214
10/11/1981,171
10/12/1981,231
10/13/1981,277
10/14/1981,280
10/15/1981,284
10/16/1981,264
10/17/1981,193
10/18/1981,188
10/19/1981,277
10/20/1981,278
10/21/1981,261
10/22/1981,270
10/23/1981,265
10/24/1981,214
10/25/1981,179
10/26/1981,248
10/27/1981,276
10/28/1981,234
10/29/1981,280
10/30/1981,270
10/31/1981,220
11/1/1981,197
11/2/1981,237
11/3/1981,279
11/4/1981,266
11/5/1981,276
11/6/1981,280
11/7/1981,241
11/8/1981,195
11/9/1981,248
11/10/1981,251
11/11/1981,228
11/12/1981,251
11/13/1981,243
11/14/1981,220
11/15/1981,166
11/16/1981,249
11/17/1981,268
11/18/1981,236
11/19/1981,262
11/20/1981,284
11/21/1981,206
11/22/1981,185
11/23/1981,234
11/24/1981,251
11/25/1981,266
11/26/1981,258
11/27/1981,270
11/28/1981,203
11/29/1981,198
11/30/1981,245
12/1/1981,255
12/2/1981,278
12/3/1981,233
12/4/1981,269
12/5/1981,190
12/6/1981,205
12/7/1981,220
12/8/1981,252
12/9/1981,248
12/10/1981,271
12/11/1981,282
12/12/1981,214
12/13/1981,204
12/14/1981,252
12/15/1981,249
12/16/1981,275
12/17/1981,292
12/18/1981,247
12/19/1981,194
12/20/1981,195
12/21/1981,270
12/22/1981,266
12/23/1981,271
12/24/1981,180
12/25/1981,155
12/26/1981,187
12/27/1981,201
12/28/1981,251
12/29/1981,271
12/30/1981,285
12/31/1981,230
1/1/1982,198
1/2/1982,197
1/3/1982,215
1/4/1982,241
1/5/1982,277
1/6/1982,280
1/7/1982,257
1/8/1982,271
1/9/1982,222
1/10/1982,194
1/11/1982,266
1/12/1982,254
1/13/1982,244
1/14/1982,270
1/15/1982,253
1/16/1982,202
1/17/1982,186
1/18/1982,264
1/19/1982,256
1/20/1982,236
1/21/1982,293
1/22/1982,238
1/23/1982,200
1/24/1982,204
1/25/1982,264
1/26/1982,281
1/27/1982,257
1/28/1982,246
1/29/1982,288
1/30/1982,191
1/31/1982,212
2/1/1982,258
2/2/1982,276
2/3/1982,267
2/4/1982,280
2/5/1982,291
2/6/1982,189
2/7/1982,191
2/8/1982,267
2/9/1982,293
2/10/1982,265
2/11/1982,278
2/12/1982,254
2/13/1982,199
2/14/1982,211
2/15/1982,272
2/16/1982,293
2/17/1982,251
2/18/1982,268
2/19/1982,291
2/20/1982,218
2/21/1982,198
2/22/1982,285
2/23/1982,331
2/24/1982,290
2/25/1982,296
2/26/1982,284
2/27/1982,197
2/28/1982,198
3/1/1982,274
3/2/1982,274
3/3/1982,270
3/4/1982,253
3/5/1982,301
3/6/1982,225
3/7/1982,194
3/8/1982,247
3/9/1982,283
3/10/1982,277
3/11/1982,275
3/12/1982,293
3/13/1982,219
3/14/1982,220
3/15/1982,278
3/16/1982,266
3/17/1982,280
3/18/1982,261
3/19/1982,282
3/20/1982,205
3/21/1982,213
3/22/1982,279
3/23/1982,303
3/24/1982,269
3/25/1982,272
3/26/1982,297
3/27/1982,228
3/28/1982,204
3/29/1982,266
3/30/1982,304
3/31/1982,286
4/1/1982,277
4/2/1982,287
4/3/1982,243
4/4/1982,224
4/5/1982,272
4/6/1982,316
4/7/1982,301
4/8/1982,289
4/9/1982,267
4/10/1982,242
4/11/1982,220
4/12/1982,207
4/13/1982,295
4/14/1982,307
4/15/1982,307
4/16/1982,310
4/17/1982,219
4/18/1982,203
4/19/1982,252
4/20/1982,305
4/21/1982,301
4/22/1982,259
4/23/1982,280
4/24/1982,207
4/25/1982,202
4/26/1982,267
4/27/1982,300
4/28/1982,286
4/29/1982,303
4/30/1982,276
5/1/1982,251
5/2/1982,211
5/3/1982,296
5/4/1982,280
5/5/1982,290
5/6/1982,289
5/7/1982,289
5/8/1982,232
5/9/1982,197
5/10/1982,252
5/11/1982,277
5/12/1982,292
5/13/1982,273
5/14/1982,297
5/15/1982,219
5/16/1982,200
5/17/1982,274
5/18/1982,284
5/19/1982,279
5/20/1982,280
5/21/1982,308
5/22/1982,219
5/23/1982,192
5/24/1982,249
5/25/1982,255
5/26/1982,270
5/27/1982,303
5/28/1982,262
5/29/1982,206
5/30/1982,221
5/31/1982,267
6/1/1982,273
6/2/1982,252
6/3/1982,253
6/4/1982,257
6/5/1982,209
6/6/1982,216
6/7/1982,274
6/8/1982,311
6/9/1982,252
6/10/1982,321
6/11/1982,300
6/12/1982,208
6/13/1982,191
6/14/1982,257
6/15/1982,275
6/16/1982,284
6/17/1982,275
6/18/1982,286
6/19/1982,216
6/20/1982,193
6/21/1982,262
6/22/1982,276
6/23/1982,260
6/24/1982,226
6/25/1982,246
6/26/1982,195
6/27/1982,197
6/28/1982,299
6/29/1982,280
6/30/1982,281
7/1/1982,253
7/2/1982,202
7/3/1982,203
7/4/1982,197
7/5/1982,250
7/6/1982,250
7/7/1982,286
7/8/1982,301
7/9/1982,281
7/10/1982,199
7/11/1982,196
7/12/1982,267
7/13/1982,262
7/14/1982,286
7/15/1982,291
7/16/1982,262
7/17/1982,233
7/18/1982,208
7/19/1982,264
7/20/1982,289
7/21/1982,276
7/22/1982,294
7/23/1982,267
7/24/1982,193
7/25/1982,213
7/26/1982,257
7/27/1982,259
7/28/1982,274
7/29/1982,279
7/30/1982,247
7/31/1982,215
8/1/1982,148
8/2/1982,231
8/3/1982,265
8/4/1982,235
8/5/1982,254
8/6/1982,253
8/7/1982,173
8/8/1982,193
8/9/1982,288
8/10/1982,287
8/11/1982,273
8/12/1982,268
8/13/1982,279
8/14/1982,206
8/15/1982,183
8/16/1982,259
8/17/1982,290
8/18/1982,251
8/19/1982,290
8/20/1982,270
8/21/1982,223
8/22/1982,184
8/23/1982,239
8/24/1982,261
8/25/1982,258
8/26/1982,247
8/27/1982,268
8/28/1982,200
8/29/1982,200
8/30/1982,269
8/31/1982,279
9/1/1982,237
9/2/1982,259
9/3/1982,262
9/4/1982,213
9/5/1982,183
9/6/1982,215
9/7/1982,260
9/8/1982,265
9/9/1982,271
9/10/1982,295
9/11/1982,223
9/12/1982,196
9/13/1982,279
9/14/1982,279
9/15/1982,245
9/16/1982,257
9/17/1982,262
9/18/1982,220
9/19/1982,219
9/20/1982,301
9/21/1982,272
9/22/1982,290
9/23/1982,292
9/24/1982,295
9/25/1982,237
9/26/1982,194
9/27/1982,273
9/28/1982,300
9/29/1982,313
9/30/1982,291
10/1/1982,295
10/2/1982,203
10/3/1982,198
10/4/1982,240
10/5/1982,275
10/6/1982,261
10/7/1982,279
10/8/1982,279
10/9/1982,210
10/10/1982,178
10/11/1982,208
10/12/1982,280
10/13/1982,266
10/14/1982,269
10/15/1982,234
10/16/1982,208
10/17/1982,196
10/18/1982,271
10/19/1982,231
10/20/1982,266
10/21/1982,278
10/22/1982,270
10/23/1982,200
10/24/1982,181
10/25/1982,244
10/26/1982,239
10/27/1982,257
10/28/1982,272
10/29/1982,246
10/30/1982,184
10/31/1982,182
11/1/1982,216
11/2/1982,244
11/3/1982,262
11/4/1982,239
11/5/1982,265
11/6/1982,202
11/7/1982,208
11/8/1982,244
11/9/1982,221
11/10/1982,219
11/11/1982,272
11/12/1982,234
11/13/1982,219
11/14/1982,157
11/15/1982,285
11/16/1982,257
11/17/1982,261
11/18/1982,246
11/19/1982,248
11/20/1982,183
11/21/1982,184
11/22/1982,258
11/23/1982,258
11/24/1982,251
11/25/1982,246
11/26/1982,267
11/27/1982,200
11/28/1982,166
11/29/1982,231
11/30/1982,257
12/1/1982,255
12/2/1982,248
12/3/1982,247
12/4/1982,183
12/5/1982,192
12/6/1982,248
12/7/1982,271
12/8/1982,236
12/9/1982,250
12/10/1982,263
12/11/1982,176
12/12/1982,162
12/13/1982,227
12/14/1982,225
12/15/1982,234
12/16/1982,250
12/17/1982,265
12/18/1982,168
12/19/1982,201
12/20/1982,258
12/21/1982,252
12/22/1982,200
12/23/1982,209
12/24/1982,169
12/25/1982,163
12/26/1982,153
12/27/1982,223
12/28/1982,248
12/29/1982,228
12/30/1982,229
12/31/1982,182
1/1/1983,172
1/2/1983,178
1/3/1983,206
1/4/1983,253
1/5/1983,256
1/6/1983,244
1/7/1983,241
1/8/1983,192
1/9/1983,148
1/10/1983,237
1/11/1983,238
1/12/1983,249
1/13/1983,267
1/14/1983,246
1/15/1983,200
1/16/1983,176
1/17/1983,218
1/18/1983,257
1/19/1983,236
1/20/1983,242
1/21/1983,243
1/22/1983,191
1/23/1983,169
1/24/1983,258
1/25/1983,241
1/26/1983,243
1/27/1983,289
1/28/1983,240
1/29/1983,197
1/30/1983,188
1/31/1983,232
2/1/1983,230
2/2/1983,240
2/3/1983,237
2/4/1983,253
2/5/1983,199
2/6/1983,145
2/7/1983,245
2/8/1983,235
2/9/1983,267
2/10/1983,251
2/11/1983,260
2/12/1983,208
2/13/1983,149
2/14/1983,245
2/15/1983,268
2/16/1983,260
2/17/1983,247
2/18/1983,251
2/19/1983,205
2/20/1983,179
2/21/1983,203
2/22/1983,275
2/23/1983,223
2/24/1983,235
2/25/1983,263
2/26/1983,219
2/27/1983,152
2/28/1983,227
3/1/1983,318
3/2/1983,268
3/3/1983,250
3/4/1983,245
3/5/1983,205
3/6/1983,217
3/7/1983,266
3/8/1983,267
3/9/1983,259
3/10/1983,288
3/11/1983,284
3/12/1983,193
3/13/1983,224
3/14/1983,288
3/15/1983,280
3/16/1983,249
3/17/1983,254
3/18/1983,241
3/19/1983,223
3/20/1983,206
3/21/1983,273
3/22/1983,270
3/23/1983,267
3/24/1983,275
3/25/1983,274
3/26/1983,237
3/27/1983,202
3/28/1983,261
3/29/1983,306
3/30/1983,300
3/31/1983,268
4/1/1983,250
4/2/1983,224
4/3/1983,199
4/4/1983,221
4/5/1983,278
4/6/1983,304
4/7/1983,283
4/8/1983,285
4/9/1983,199
4/10/1983,215
4/11/1983,253
4/12/1983,276
4/13/1983,240
4/14/1983,281
4/15/1983,294
4/16/1983,197
4/17/1983,223
4/18/1983,283
4/19/1983,237
4/20/1983,270
4/21/1983,286
4/22/1983,243
4/23/1983,209
4/24/1983,184
4/25/1983,264
4/26/1983,283
4/27/1983,268
4/28/1983,297
4/29/1983,287
4/30/1983,226
5/1/1983,197
5/2/1983,256
5/3/1983,283
5/4/1983,281
5/5/1983,284
5/6/1983,311
5/7/1983,208
5/8/1983,203
5/9/1983,274
5/10/1983,271
5/11/1983,275
5/12/1983,272
5/13/1983,271
5/14/1983,219
5/15/1983,206
5/16/1983,288
5/17/1983,277
5/18/1983,245
5/19/1983,254
5/20/1983,281
5/21/1983,201
5/22/1983,190
5/23/1983,233
5/24/1983,285
5/25/1983,298
5/26/1983,296
5/27/1983,297
5/28/1983,246
5/29/1983,188
5/30/1983,244
5/31/1983,259
6/1/1983,262
6/2/1983,262
6/3/1983,258
6/4/1983,213
6/5/1983,194
6/6/1983,278
6/7/1983,258
6/8/1983,267
6/9/1983,293
6/10/1983,269
6/11/1983,208
6/12/1983,199
6/13/1983,288
6/14/1983,278
6/15/1983,286
6/16/1983,296
6/17/1983,286
6/18/1983,194
6/19/1983,174
6/20/1983,257
6/21/1983,305
6/22/1983,260
6/23/1983,285
6/24/1983,229
6/25/1983,197
6/26/1983,166
6/27/1983,264
6/28/1983,272
6/29/1983,279
6/30/1983,287
7/1/1983,235
7/2/1983,212
7/3/1983,185
7/4/1983,267
7/5/1983,265
7/6/1983,252
7/7/1983,294
7/8/1983,263
7/9/1983,194
7/10/1983,189
7/11/1983,256
7/12/1983,256
7/13/1983,231
7/14/1983,274
7/15/1983,272
7/16/1983,179
7/17/1983,203
7/18/1983,237
7/19/1983,269
7/20/1983,244
7/21/1983,262
7/22/1983,257
7/23/1983,184
7/24/1983,182
7/25/1983,251
7/26/1983,239
7/27/1983,265
7/28/1983,266
7/29/1983,306
7/30/1983,184
7/31/1983,181
8/1/1983,258
8/2/1983,261
8/3/1983,268
8/4/1983,284
8/5/1983,258
8/6/1983,198
8/7/1983,181
8/8/1983,242
8/9/1983,259
8/10/1983,265
8/11/1983,240
8/12/1983,252
8/13/1983,203
8/14/1983,173
8/15/1983,257
8/16/1983,265
8/17/1983,254
8/18/1983,268
8/19/1983,250
8/20/1983,189
8/21/1983,206
8/22/1983,238
8/23/1983,269
8/24/1983,252
8/25/1983,261
8/26/1983,264
8/27/1983,208
8/28/1983,180
8/29/1983,240
8/30/1983,251
8/31/1983,261
9/1/1983,234
9/2/1983,252
9/3/1983,200
9/4/1983,219
9/5/1983,199
9/6/1983,263
9/7/1983,286
9/8/1983,271
9/9/1983,276
9/10/1983,239
9/11/1983,188
9/12/1983,271
9/13/1983,262
9/14/1983,252
9/15/1983,293
9/16/1983,269
9/17/1983,208
9/18/1983,194
9/19/1983,264
9/20/1983,283
9/21/1983,306
9/22/1983,281
9/23/1983,267
9/24/1983,202
9/25/1983,176
9/26/1983,248
9/27/1983,265
9/28/1983,262
9/29/1983,297
9/30/1983,307
10/1/1983,187
10/2/1983,198
10/3/1983,248
10/4/1983,291
10/5/1983,284
10/6/1983,245
10/7/1983,273
10/8/1983,201
10/9/1983,189
10/10/1983,188
10/11/1983,250
10/12/1983,273
10/13/1983,269
10/14/1983,305
10/15/1983,221
10/16/1983,189
10/17/1983,239
10/18/1983,260
10/19/1983,230
10/20/1983,250
10/21/1983,256
10/22/1983,204
10/23/1983,172
10/24/1983,250
10/25/1983,277
10/26/1983,253
10/27/1983,269
10/28/1983,236
10/29/1983,183
10/30/1983,185
10/31/1983,228
11/1/1983,256
11/2/1983,288
11/3/1983,251
11/4/1983,281
11/5/1983,204
11/6/1983,191
11/7/1983,222
11/8/1983,270
11/9/1983,256
11/10/1983,257
11/11/1983,269
11/12/1983,203
11/13/1983,188
11/14/1983,228
11/15/1983,269
11/16/1983,259
11/17/1983,268
11/18/1983,229
11/19/1983,173
11/20/1983,178
11/21/1983,262
11/22/1983,270
11/23/1983,256
11/24/1983,254
11/25/1983,279
11/26/1983,197
11/27/1983,193
11/28/1983,212
11/29/1983,259
11/30/1983,278
12/1/1983,251
12/2/1983,234
12/3/1983,171
12/4/1983,168
12/5/1983,223
12/6/1983,252
12/7/1983,274
12/8/1983,285
12/9/1983,244
12/10/1983,199
12/11/1983,159
12/12/1983,261
12/13/1983,222
12/14/1983,242
12/15/1983,276
12/16/1983,270
12/17/1983,177
12/18/1983,157
12/19/1983,263
12/20/1983,297
12/21/1983,255
12/22/1983,242
12/23/1983,194
12/24/1983,187
12/25/1983,160
12/26/1983,188
12/27/1983,247
12/28/1983,283
12/29/1983,248
12/30/1983,205
12/31/1983,182
1/1/1984,169
1/2/1984,196
1/3/1984,245
1/4/1984,257
1/5/1984,235
1/6/1984,253
1/7/1984,188
1/8/1984,194
1/9/1984,234
1/10/1984,256
1/11/1984,242
1/12/1984,252
1/13/1984,258
1/14/1984,185
1/15/1984,180
1/16/1984,231
1/17/1984,249
1/18/1984,204
1/19/1984,234
1/20/1984,248
1/21/1984,185
1/22/1984,184
1/23/1984,248
1/24/1984,253
1/25/1984,243
1/26/1984,243
1/27/1984,243
1/28/1984,181
1/29/1984,186
1/30/1984,230
1/31/1984,250
2/1/1984,216
2/2/1984,252
2/3/1984,240
2/4/1984,160
2/5/1984,187
2/6/1984,247
2/7/1984,275
2/8/1984,265
2/9/1984,254
2/10/1984,267
2/11/1984,186
2/12/1984,174
2/13/1984,247
2/14/1984,283
2/15/1984,272
2/16/1984,297
2/17/1984,255
2/18/1984,188
2/19/1984,178
2/20/1984,239
2/21/1984,230
2/22/1984,276
2/23/1984,249
2/24/1984,256
2/25/1984,193
2/26/1984,199
2/27/1984,233
2/28/1984,255
2/29/1984,253
3/1/1984,255
3/2/1984,252
3/3/1984,221
3/4/1984,195
3/5/1984,264
3/6/1984,278
3/7/1984,233
3/8/1984,251
3/9/1984,264
3/10/1984,207
3/11/1984,193
3/12/1984,240
3/13/1984,265
3/14/1984,248
3/15/1984,266
3/16/1984,295
3/17/1984,204
3/18/1984,207
3/19/1984,262
3/20/1984,252
3/21/1984,263
3/22/1984,281
3/23/1984,266
3/24/1984,202
3/25/1984,195
3/26/1984,262
3/27/1984,278
3/28/1984,247
3/29/1984,283
3/30/1984,297
3/31/1984,215
4/1/1984,187
4/2/1984,277
4/3/1984,289
4/4/1984,261
4/5/1984,275
4/6/1984,284
4/7/1984,201
4/8/1984,194
4/9/1984,289
4/10/1984,272
4/11/1984,270
4/12/1984,278
4/13/1984,256
4/14/1984,232
4/15/1984,198
4/16/1984,284
4/17/1984,286
4/18/1984,285
4/19/1984,316
4/20/1984,257
4/21/1984,215
4/22/1984,187
4/23/1984,241
4/24/1984,313
4/25/1984,293
4/26/1984,313
4/27/1984,274
4/28/1984,222
4/29/1984,199
4/30/1984,268
5/1/1984,303
5/2/1984,280
5/3/1984,269
5/4/1984,290
5/5/1984,213
5/6/1984,205
5/7/1984,270
5/8/1984,264
5/9/1984,269
5/10/1984,307
5/11/1984,243
5/12/1984,217
5/13/1984,191
5/14/1984,241
5/15/1984,296
5/16/1984,259
5/17/1984,288
5/18/1984,295
5/19/1984,189
5/20/1984,188
5/21/1984,226
5/22/1984,283
5/23/1984,307
5/24/1984,298
5/25/1984,278
5/26/1984,185
5/27/1984,197
5/28/1984,250
5/29/1984,256
5/30/1984,255
5/31/1984,284
6/1/1984,269
6/2/1984,207
6/3/1984,191
6/4/1984,254
6/5/1984,260
6/6/1984,263
6/7/1984,270
6/8/1984,246
6/9/1984,210
6/10/1984,203
6/11/1984,257
6/12/1984,253
6/13/1984,266
6/14/1984,281
6/15/1984,242
6/16/1984,181
6/17/1984,209
6/18/1984,264
6/19/1984,263
6/20/1984,273
6/21/1984,280
6/22/1984,263
6/23/1984,179
6/24/1984,182
6/25/1984,191
6/26/1984,257
6/27/1984,280
6/28/1984,294
6/29/1984,294
6/30/1984,193
7/1/1984,209
7/2/1984,173
7/3/1984,281
7/4/1984,254
7/5/1984,269
7/6/1984,298
7/7/1984,190
7/8/1984,198
7/9/1984,241
7/10/1984,289
7/11/1984,238
7/12/1984,290
7/13/1984,289
7/14/1984,207
7/15/1984,172
7/16/1984,261
7/17/1984,266
7/18/1984,282
7/19/1984,289
7/20/1984,270
7/21/1984,197
7/22/1984,194
7/23/1984,244
7/24/1984,264
7/25/1984,241
7/26/1984,257
7/27/1984,281
7/28/1984,174
7/29/1984,189
7/30/1984,235
7/31/1984,275
8/1/1984,266
8/2/1984,276
8/3/1984,240
8/4/1984,195
8/5/1984,187
8/6/1984,260
8/7/1984,280
8/8/1984,266
8/9/1984,278
8/10/1984,266
8/11/1984,196
8/12/1984,186
8/13/1984,236
8/14/1984,260
8/15/1984,287
8/16/1984,271
8/17/1984,273
8/18/1984,203
8/19/1984,168
8/20/1984,266
8/21/1984,278
8/22/1984,268
8/23/1984,245
8/24/1984,251
8/25/1984,191
8/26/1984,197
8/27/1984,248
8/28/1984,288
8/29/1984,280
8/30/1984,281
8/31/1984,273
9/1/1984,198
9/2/1984,163
9/3/1984,181
9/4/1984,253
9/5/1984,265
9/6/1984,268
9/7/1984,288
9/8/1984,184
9/9/1984,204
9/10/1984,269
9/11/1984,252
9/12/1984,253
9/13/1984,306
9/14/1984,293
9/15/1984,194
9/16/1984,196
9/17/1984,268
9/18/1984,241
9/19/1984,304
9/20/1984,301
9/21/1984,317
9/22/1984,200
9/23/1984,197
9/24/1984,277
9/25/1984,287
9/26/1984,308
9/27/1984,283
9/28/1984,314
9/29/1984,214
9/30/1984,202
10/1/1984,258
10/2/1984,300
10/3/1984,276
10/4/1984,270
10/5/1984,273
10/6/1984,199
10/7/1984,194
10/8/1984,234
10/9/1984,239
10/10/1984,302
10/11/1984,275
10/12/1984,299
10/13/1984,188
10/14/1984,165
10/15/1984,245
10/16/1984,287
10/17/1984,272
10/18/1984,262
10/19/1984,297
10/20/1984,201
10/21/1984,194
10/22/1984,226
10/23/1984,231
10/24/1984,217
10/25/1984,282
10/26/1984,255
10/27/1984,164
10/28/1984,166
10/29/1984,261
10/30/1984,199
10/31/1984,222
11/1/1984,277
11/2/1984,252
11/3/1984,182
11/4/1984,180
11/5/1984,226
11/6/1984,229
11/7/1984,235
11/8/1984,252
11/9/1984,257
11/10/1984,176
11/11/1984,183
11/12/1984,255
11/13/1984,225
11/14/1984,266
11/15/1984,263
11/16/1984,259
11/17/1984,198
11/18/1984,185
11/19/1984,218
11/20/1984,251
11/21/1984,218
11/22/1984,247
11/23/1984,262
11/24/1984,163
11/25/1984,191
11/26/1984,251
11/27/1984,222
11/28/1984,249
11/29/1984,235
11/30/1984,240
12/1/1984,167
12/2/1984,170
12/3/1984,218
12/4/1984,218
12/5/1984,244
12/6/1984,263
12/7/1984,241
12/8/1984,186
12/9/1984,161
12/10/1984,224
12/11/1984,268
12/12/1984,224
12/13/1984,241
12/14/1984,229
12/15/1984,180
12/16/1984,174
12/17/1984,229
12/18/1984,257
12/19/1984,254
12/20/1984,274
12/21/1984,227
12/22/1984,161
12/23/1984,178
12/24/1984,159
12/25/1984,146
12/26/1984,167
12/27/1984,251
12/28/1984,303
12/29/1984,197
12/30/1984,167
12/31/1984,194
1/1/1985,145
1/2/1985,186
1/3/1985,222
1/4/1985,250
1/5/1985,208
1/6/1985,167
1/7/1985,251
1/8/1985,235
1/9/1985,252
1/10/1985,218
1/11/1985,258
1/12/1985,182
1/13/1985,179
1/14/1985,249
1/15/1985,253
1/16/1985,234
1/17/1985,243
1/18/1985,276
1/19/1985,168
1/20/1985,154
1/21/1985,208
1/22/1985,224
1/23/1985,226
1/24/1985,237
1/25/1985,246
1/26/1985,213
1/27/1985,164
1/28/1985,200
1/29/1985,243
1/30/1985,214
1/31/1985,241
2/1/1985,217
2/2/1985,191
2/3/1985,183
2/4/1985,237
2/5/1985,254
2/6/1985,270
2/7/1985,266
2/8/1985,234
2/9/1985,179
2/10/1985,193
2/11/1985,252
2/12/1985,244
2/13/1985,240
2/14/1985,227
2/15/1985,266
2/16/1985,193
2/17/1985,171
2/18/1985,240
2/19/1985,274
2/20/1985,269
2/21/1985,210
2/22/1985,250
2/23/1985,191
2/24/1985,168
2/25/1985,253
2/26/1985,226
2/27/1985,261
2/28/1985,270
3/1/1985,291
3/2/1985,191
3/3/1985,176
3/4/1985,242
3/5/1985,252
3/6/1985,276
3/7/1985,265
3/8/1985,255
3/9/1985,210
3/10/1985,199
3/11/1985,266
3/12/1985,268
3/13/1985,209
3/14/1985,258
3/15/1985,301
3/16/1985,198
3/17/1985,179
3/18/1985,267
3/19/1985,283
3/20/1985,260
3/21/1985,277
3/22/1985,257
3/23/1985,183
3/24/1985,207
3/25/1985,239
3/26/1985,270
3/27/1985,282
3/28/1985,294
3/29/1985,290
3/30/1985,185
3/31/1985,160
4/1/1985,248
4/2/1985,293
4/3/1985,298
4/4/1985,300
4/5/1985,243
4/6/1985,191
4/7/1985,219
4/8/1985,219
4/9/1985,242
4/10/1985,283
4/11/1985,264
4/12/1985,281
4/13/1985,236
4/14/1985,191
4/15/1985,252
4/16/1985,287
4/17/1985,259
4/18/1985,262
4/19/1985,266
4/20/1985,196
4/21/1985,231
4/22/1985,257
4/23/1985,305
4/24/1985,271
4/25/1985,288
4/26/1985,287
4/27/1985,197
4/28/1985,176
4/29/1985,282
4/30/1985,286
5/1/1985,285
5/2/1985,267
5/3/1985,260
5/4/1985,225
5/5/1985,183
5/6/1985,259
5/7/1985,286
5/8/1985,273
5/9/1985,287
5/10/1985,284
5/11/1985,188
5/12/1985,202
5/13/1985,286
5/14/1985,285
5/15/1985,261
5/16/1985,273
5/17/1985,253
5/18/1985,206
5/19/1985,177
5/20/1985,215
5/21/1985,290
5/22/1985,275
5/23/1985,303
5/24/1985,269
5/25/1985,183
5/26/1985,202
5/27/1985,274
5/28/1985,250
5/29/1985,244
5/30/1985,282
5/31/1985,259
6/1/1985,211
6/2/1985,213
6/3/1985,278
6/4/1985,243
6/5/1985,272
6/6/1985,286
6/7/1985,298
6/8/1985,202
6/9/1985,221
6/10/1985,273
6/11/1985,268
6/12/1985,261
6/13/1985,279
6/14/1985,260
6/15/1985,189
6/16/1985,177
6/17/1985,259
6/18/1985,234
6/19/1985,261
6/20/1985,279
6/21/1985,294
6/22/1985,211
6/23/1985,184
6/24/1985,191
6/25/1985,263
6/26/1985,284
6/27/1985,268
6/28/1985,297
6/29/1985,193
6/30/1985,180
7/1/1985,184
7/2/1985,263
7/3/1985,283
7/4/1985,273
7/5/1985,272
7/6/1985,216
7/7/1985,167
7/8/1985,228
7/9/1985,280
7/10/1985,248
7/11/1985,265
7/12/1985,266
7/13/1985,186
7/14/1985,174
7/15/1985,270
7/16/1985,279
7/17/1985,263
7/18/1985,268
7/19/1985,265
7/20/1985,188
7/21/1985,188
7/22/1985,269
7/23/1985,248
7/24/1985,271
7/25/1985,235
7/26/1985,280
7/27/1985,185
7/28/1985,173
7/29/1985,236
7/30/1985,285
7/31/1985,247
8/1/1985,241
8/2/1985,257
8/3/1985,189
8/4/1985,172
8/5/1985,265
8/6/1985,263
8/7/1985,261
8/8/1985,298
8/9/1985,252
8/10/1985,198
8/11/1985,170
8/12/1985,259
8/13/1985,254
8/14/1985,272
8/15/1985,261
8/16/1985,255
8/17/1985,194
8/18/1985,193
8/19/1985,274
8/20/1985,232
8/21/1985,252
8/22/1985,247
8/23/1985,270
8/24/1985,191
8/25/1985,171
8/26/1985,246
8/27/1985,271
8/28/1985,243
8/29/1985,265
8/30/1985,257
8/31/1985,210
9/1/1985,190
9/2/1985,175
9/3/1985,252
9/4/1985,257
9/5/1985,256
9/6/1985,254
9/7/1985,217
9/8/1985,173
9/9/1985,279
9/10/1985,265
9/11/1985,292
9/12/1985,319
9/13/1985,265
9/14/1985,209
9/15/1985,202
9/16/1985,240
9/17/1985,296
9/18/1985,282
9/19/1985,252
9/20/1985,286
9/21/1985,208
9/22/1985,199
9/23/1985,259
9/24/1985,290
9/25/1985,278
9/26/1985,267
9/27/1985,316
9/28/1985,218
9/29/1985,165
9/30/1985,269
10/1/1985,246
10/2/1985,245
10/3/1985,249
10/4/1985,282
10/5/1985,182
10/6/1985,204
10/7/1985,238
10/8/1985,233
10/9/1985,245
10/10/1985,290
10/11/1985,270
10/12/1985,173
10/13/1985,151
10/14/1985,208
10/15/1985,267
10/16/1985,267
10/17/1985,246
10/18/1985,229
10/19/1985,177
10/20/1985,191
10/21/1985,223
10/22/1985,265
10/23/1985,265
10/24/1985,245
10/25/1985,260
10/26/1985,177
10/27/1985,180
10/28/1985,223
10/29/1985,246
10/30/1985,251
10/31/1985,243
11/1/1985,210
11/2/1985,187
11/3/1985,160
11/4/1985,239
11/5/1985,237
11/6/1985,240
11/7/1985,252
11/8/1985,269
11/9/1985,151
11/10/1985,163
11/11/1985,232
11/12/1985,278
11/13/1985,241
11/14/1985,263
11/15/1985,262
11/16/1985,162
11/17/1985,180
11/18/1985,236
11/19/1985,247
11/20/1985,261
11/21/1985,233
11/22/1985,256
11/23/1985,178
11/24/1985,169
11/25/1985,224
11/26/1985,248
11/27/1985,236
11/28/1985,235
11/29/1985,247
11/30/1985,186
12/1/1985,162
12/2/1985,260
12/3/1985,251
12/4/1985,235
12/5/1985,244
12/6/1985,251
12/7/1985,170
12/8/1985,153
12/9/1985,217
12/10/1985,258
12/11/1985,228
12/12/1985,234
12/13/1985,238
12/14/1985,163
12/15/1985,161
12/16/1985,276
12/17/1985,295
12/18/1985,254
12/19/1985,275
12/20/1985,253
12/21/1985,175
12/22/1985,148
12/23/1985,214
12/24/1985,213
12/25/1985,154
12/26/1985,188
12/27/1985,281
12/28/1985,223
12/29/1985,173
12/30/1985,239
12/31/1985,243
1/1/1986,161
1/2/1986,169
1/3/1986,210
1/4/1986,178
1/5/1986,165
1/6/1986,215
1/7/1986,247
1/8/1986,250
1/9/1986,234
1/10/1986,245
1/11/1986,162
1/12/1986,143
1/13/1986,234
1/14/1986,223
1/15/1986,217
1/16/1986,250
1/17/1986,231
1/18/1986,193
1/19/1986,183
1/20/1986,227
1/21/1986,227
1/22/1986,241
1/23/1986,244
1/24/1986,218
1/25/1986,159
1/26/1986,190
1/27/1986,249
1/28/1986,243
1/29/1986,250
1/30/1986,244
1/31/1986,245
2/1/1986,197
2/2/1986,170
2/3/1986,251
2/4/1986,256
2/5/1986,253
2/6/1986,239
2/7/1986,237
2/8/1986,184
2/9/1986,154
2/10/1986,234
2/11/1986,254
2/12/1986,279
2/13/1986,285
2/14/1986,279
2/15/1986,193
2/16/1986,166
2/17/1986,246
2/18/1986,255
2/19/1986,240
2/20/1986,232
2/21/1986,257
2/22/1986,173
2/23/1986,171
2/24/1986,244
2/25/1986,236
2/26/1986,227
2/27/1986,239
2/28/1986,254
3/1/1986,180
3/2/1986,185
3/3/1986,221
3/4/1986,248
3/5/1986,264
3/6/1986,259
3/7/1986,306
3/8/1986,180
3/9/1986,196
3/10/1986,236
3/11/1986,270
3/12/1986,253
3/13/1986,259
3/14/1986,253
3/15/1986,203
3/16/1986,183
3/17/1986,259
3/18/1986,258
3/19/1986,281
3/20/1986,230
3/21/1986,254
3/22/1986,206
3/23/1986,193
3/24/1986,259
3/25/1986,259
3/26/1986,316
3/27/1986,303
3/28/1986,227
3/29/1986,167
3/30/1986,189
3/31/1986,219
4/1/1986,275
4/2/1986,293
4/3/1986,262
4/4/1986,270
4/5/1986,197
4/6/1986,174
4/7/1986,275
4/8/1986,275
4/9/1986,274
4/10/1986,291
4/11/1986,277
4/12/1986,207
4/13/1986,190
4/14/1986,262
4/15/1986,284
4/16/1986,285
4/17/1986,292
4/18/1986,245
4/19/1986,208
4/20/1986,185
4/21/1986,263
4/22/1986,288
4/23/1986,259
4/24/1986,298
4/25/1986,289
4/26/1986,201
4/27/1986,177
4/28/1986,290
4/29/1986,301
4/30/1986,264
5/1/1986,283
5/2/1986,261
5/3/1986,176
5/4/1986,167
5/5/1986,275
5/6/1986,296
5/7/1986,270
5/8/1986,257
5/9/1986,269
5/10/1986,201
5/11/1986,173
5/12/1986,236
5/13/1986,272
5/14/1986,281
5/15/1986,309
5/16/1986,291
5/17/1986,208
5/18/1986,202
5/19/1986,228
5/20/1986,260
5/21/1986,302
5/22/1986,263
5/23/1986,299
5/24/1986,169
5/25/1986,178
5/26/1986,270
5/27/1986,286
5/28/1986,259
5/29/1986,276
5/30/1986,278
5/31/1986,190
6/1/1986,195
6/2/1986,253
6/3/1986,226
6/4/1986,265
6/5/1986,265
6/6/1986,259
6/7/1986,187
6/8/1986,192
6/9/1986,257
6/10/1986,270
6/11/1986,257
6/12/1986,247
6/13/1986,296
6/14/1986,175
6/15/1986,187
6/16/1986,270
6/17/1986,247
6/18/1986,233
6/19/1986,253
6/20/1986,218
6/21/1986,167
6/22/1986,180
6/23/1986,261
6/24/1986,198
6/25/1986,240
6/26/1986,256
6/27/1986,276
6/28/1986,182
6/29/1986,200
6/30/1986,218
7/1/1986,247
7/2/1986,271
7/3/1986,265
7/4/1986,305
7/5/1986,187
7/6/1986,172
7/7/1986,262
7/8/1986,254
7/9/1986,260
7/10/1986,252
7/11/1986,247
7/12/1986,213
7/13/1986,170
7/14/1986,243
7/15/1986,235
7/16/1986,265
7/17/1986,278
7/18/1986,257
7/19/1986,199
7/20/1986,191
7/21/1986,235
7/22/1986,265
7/23/1986,243
7/24/1986,225
7/25/1986,267
7/26/1986,184
7/27/1986,170
7/28/1986,244
7/29/1986,257
7/30/1986,251
7/31/1986,264
8/1/1986,251
8/2/1986,177
8/3/1986,161
8/4/1986,213
8/5/1986,256
8/6/1986,254
8/7/1986,246
8/8/1986,257
8/9/1986,196
8/10/1986,183
8/11/1986,264
8/12/1986,271
8/13/1986,240
8/14/1986,246
8/15/1986,254
8/16/1986,197
8/17/1986,192
8/18/1986,245
8/19/1986,258
8/20/1986,238
8/21/1986,255
8/22/1986,251
8/23/1986,141
8/24/1986,196
8/25/1986,242
8/26/1986,241
8/27/1986,267
8/28/1986,263
8/29/1986,252
8/30/1986,203
8/31/1986,188
9/1/1986,190
9/2/1986,275
9/3/1986,256
9/4/1986,296
9/5/1986,288
9/6/1986,185
9/7/1986,185
9/8/1986,239
9/9/1986,239
9/10/1986,246
9/11/1986,272
9/12/1986,281
9/13/1986,191
9/14/1986,194
9/15/1986,265
9/16/1986,280
9/17/1986,264
9/18/1986,272
9/19/1986,293
9/20/1986,193
9/21/1986,187
9/22/1986,265
9/23/1986,302
9/24/1986,303
9/25/1986,277
9/26/1986,281
9/27/1986,193
9/28/1986,155
9/29/1986,280
9/30/1986,282
10/1/1986,257
10/2/1986,286
10/3/1986,234
10/4/1986,188
10/5/1986,182
10/6/1986,220
10/7/1986,256
10/8/1986,234
10/9/1986,253
10/10/1986,306
10/11/1986,175
10/12/1986,180
10/13/1986,171
10/14/1986,284
10/15/1986,256
10/16/1986,244
10/17/1986,247
10/18/1986,150
10/19/1986,156
10/20/1986,231
10/21/1986,225
10/22/1986,222
10/23/1986,224
10/24/1986,235
10/25/1986,172
10/26/1986,179
10/27/1986,224
10/28/1986,216
10/29/1986,266
10/30/1986,247
10/31/1986,217
11/1/1986,155
11/2/1986,159
11/3/1986,242
11/4/1986,221
11/5/1986,252
11/6/1986,236
11/7/1986,265
11/8/1986,154
11/9/1986,188
11/10/1986,205
11/11/1986,224
11/12/1986,228
11/13/1986,235
11/14/1986,252
11/15/1986,166
11/16/1986,181
11/17/1986,255
11/18/1986,262
11/19/1986,221
11/20/1986,243
11/21/1986,262
11/22/1986,191
11/23/1986,203
11/24/1986,214
11/25/1986,224
11/26/1986,214
11/27/1986,244
11/28/1986,228
11/29/1986,164
11/30/1986,161
12/1/1986,226
12/2/1986,204
12/3/1986,228
12/4/1986,243
12/5/1986,256
12/6/1986,162
12/7/1986,151
12/8/1986,235
12/9/1986,241
12/10/1986,205
12/11/1986,257
12/12/1986,242
12/13/1986,182
12/14/1986,153
12/15/1986,255
12/16/1986,285
12/17/1986,226
12/18/1986,272
12/19/1986,261
12/20/1986,151
12/21/1986,178
12/22/1986,216
12/23/1986,254
12/24/1986,210
12/25/1986,159
12/26/1986,197
12/27/1986,183
12/28/1986,167
12/29/1986,246
12/30/1986,266
12/31/1986,198
1/1/1987,165
1/2/1987,201
1/3/1987,154
1/4/1987,175
1/5/1987,254
1/6/1987,243
1/7/1987,199
1/8/1987,219
1/9/1987,236
1/10/1987,169
1/11/1987,179
1/12/1987,232
1/13/1987,242
1/14/1987,267
1/15/1987,272
1/16/1987,227
1/17/1987,161
1/18/1987,164
1/19/1987,241
1/20/1987,235
1/21/1987,234
1/22/1987,205
1/23/1987,205
1/24/1987,161
1/25/1987,157
1/26/1987,220
1/27/1987,246
1/28/1987,208
1/29/1987,236
1/30/1987,250
1/31/1987,200
2/1/1987,196
2/2/1987,212
2/3/1987,248
2/4/1987,240
2/5/1987,279
2/6/1987,266
2/7/1987,149
2/8/1987,167
2/9/1987,222
2/10/1987,230
2/11/1987,226
2/12/1987,228
2/13/1987,238
2/14/1987,164
2/15/1987,181
2/16/1987,209
2/17/1987,244
2/18/1987,229
2/19/1987,248
2/20/1987,263
2/21/1987,185
2/22/1987,195
2/23/1987,228
2/24/1987,250
2/25/1987,253
2/26/1987,249
2/27/1987,263
2/28/1987,193
3/1/1987,182
3/2/1987,256
3/3/1987,264
3/4/1987,257
3/5/1987,251
3/6/1987,277
3/7/1987,191
3/8/1987,180
3/9/1987,264
3/10/1987,251
3/11/1987,259
3/12/1987,264
3/13/1987,265
3/14/1987,172
3/15/1987,196
3/16/1987,290
3/17/1987,268
3/18/1987,253
3/19/1987,265
3/20/1987,285
3/21/1987,206
3/22/1987,160
3/23/1987,259
3/24/1987,301
3/25/1987,291
3/26/1987,254
3/27/1987,283
3/28/1987,197
3/29/1987,205
3/30/1987,249
3/31/1987,273
4/1/1987,243
4/2/1987,276
4/3/1987,284
4/4/1987,186
4/5/1987,215
4/6/1987,266
4/7/1987,273
4/8/1987,252
4/9/1987,329
4/10/1987,286
4/11/1987,186
4/12/1987,203
4/13/1987,248
4/14/1987,271
4/15/1987,275
4/16/1987,312
4/17/1987,255
4/18/1987,197
4/19/1987,199
4/20/1987,210
4/21/1987,262
4/22/1987,268
4/23/1987,291
4/24/1987,300
4/25/1987,191
4/26/1987,187
4/27/1987,235
4/28/1987,269
4/29/1987,263
4/30/1987,298
5/1/1987,273
5/2/1987,173
5/3/1987,184
5/4/1987,263
5/5/1987,286
5/6/1987,258
5/7/1987,247
5/8/1987,282
5/9/1987,169
5/10/1987,204
5/11/1987,256
5/12/1987,255
5/13/1987,252
5/14/1987,280
5/15/1987,284
5/16/1987,174
5/17/1987,193
5/18/1987,203
5/19/1987,284
5/20/1987,268
5/21/1987,280
5/22/1987,285
5/23/1987,180
5/24/1987,185
5/25/1987,274
5/26/1987,286
5/27/1987,262
5/28/1987,250
5/29/1987,250
5/30/1987,187
5/31/1987,203
6/1/1987,229
6/2/1987,287
6/3/1987,261
6/4/1987,243
6/5/1987,280
6/6/1987,170
6/7/1987,204
6/8/1987,249
6/9/1987,252
6/10/1987,267
6/11/1987,241
6/12/1987,260
6/13/1987,185
6/14/1987,172
6/15/1987,259
6/16/1987,270
6/17/1987,272
6/18/1987,284
6/19/1987,266
6/20/1987,173
6/21/1987,178
6/22/1987,283
6/23/1987,268
6/24/1987,229
6/25/1987,302
6/26/1987,257
6/27/1987,184
6/28/1987,173
6/29/1987,232
6/30/1987,270
7/1/1987,260
7/2/1987,254
7/3/1987,245
7/4/1987,189
7/5/1987,170
7/6/1987,265
7/7/1987,282
7/8/1987,283
7/9/1987,239
7/10/1987,286
7/11/1987,191
7/12/1987,193
7/13/1987,270
7/14/1987,270
7/15/1987,257
7/16/1987,268
7/17/1987,274
7/18/1987,156
7/19/1987,149
7/20/1987,219
7/21/1987,254
7/22/1987,272
7/23/1987,267
7/24/1987,239
7/25/1987,169
7/26/1987,204
7/27/1987,219
7/28/1987,249
7/29/1987,209
7/30/1987,234
7/31/1987,249
8/1/1987,172
8/2/1987,173
8/3/1987,221
8/4/1987,274
8/5/1987,249
8/6/1987,225
8/7/1987,251
8/8/1987,185
8/9/1987,185
8/10/1987,254
8/11/1987,248
8/12/1987,265
8/13/1987,284
8/14/1987,275
8/15/1987,173
8/16/1987,175
8/17/1987,254
8/18/1987,255
8/19/1987,251
8/20/1987,257
8/21/1987,264
8/22/1987,166
8/23/1987,168
8/24/1987,242
8/25/1987,262
8/26/1987,244
8/27/1987,230
8/28/1987,264
8/29/1987,193
8/30/1987,145
8/31/1987,249
9/1/1987,261
9/2/1987,218
9/3/1987,255
9/4/1987,240
9/5/1987,178
9/6/1987,177
9/7/1987,189
9/8/1987,254
9/9/1987,285
9/10/1987,272
9/11/1987,267
9/12/1987,189
9/13/1987,170
9/14/1987,263
9/15/1987,264
9/16/1987,266
9/17/1987,248
9/18/1987,252
9/19/1987,170
9/20/1987,174
9/21/1987,227
9/22/1987,261
9/23/1987,295
9/24/1987,260
9/25/1987,242
9/26/1987,187
9/27/1987,195
9/28/1987,268
9/29/1987,270
9/30/1987,288
10/1/1987,232
10/2/1987,225
10/3/1987,172
10/4/1987,179
10/5/1987,219
10/6/1987,233
10/7/1987,208
10/8/1987,247
10/9/1987,258
10/10/1987,180
10/11/1987,160
10/12/1987,157
10/13/1987,235
10/14/1987,253
10/15/1987,269
10/16/1987,222
10/17/1987,170
10/18/1987,162
10/19/1987,251
10/20/1987,213
10/21/1987,228
10/22/1987,251
10/23/1987,248
10/24/1987,166
10/25/1987,177
10/26/1987,210
10/27/1987,218
10/28/1987,227
10/29/1987,229
10/30/1987,253
10/31/1987,173
11/1/1987,150
11/2/1987,206
11/3/1987,255
11/4/1987,242
11/5/1987,228
11/6/1987,284
11/7/1987,156
11/8/1987,164
11/9/1987,235
11/10/1987,225
11/11/1987,248
11/12/1987,241
11/13/1987,227
11/14/1987,169
11/15/1987,164
11/16/1987,232
11/17/1987,234
11/18/1987,226
11/19/1987,250
11/20/1987,232
11/21/1987,182
11/22/1987,165
11/23/1987,230
11/24/1987,230
11/25/1987,209
11/26/1987,255
11/27/1987,239
11/28/1987,170
11/29/1987,165
11/30/1987,244
12/1/1987,255
12/2/1987,263
12/3/1987,232
12/4/1987,262
12/5/1987,181
12/6/1987,166
12/7/1987,212
12/8/1987,239
12/9/1987,233
12/10/1987,262
12/11/1987,278
12/12/1987,198
12/13/1987,147
12/14/1987,249
12/15/1987,232
12/16/1987,272
12/17/1987,245
12/18/1987,244
12/19/1987,157
12/20/1987,184
12/21/1987,234
12/22/1987,227
12/23/1987,225
12/24/1987,149
12/25/1987,155
12/26/1987,168
12/27/1987,172
12/28/1987,230
12/29/1987,234
12/30/1987,247
12/31/1987,194
1/1/1988,166
1/2/1988,136
1/3/1988,168
1/4/1988,243
1/5/1988,235
1/6/1988,261
1/7/1988,238
1/8/1988,245
1/9/1988,158
1/10/1988,157
1/11/1988,210
1/12/1988,261
1/13/1988,268
1/14/1988,248
1/15/1988,237
1/16/1988,190
1/17/1988,169
1/18/1988,256
1/19/1988,232
1/20/1988,246
1/21/1988,239
1/22/1988,258
1/23/1988,138
1/24/1988,159
1/25/1988,228
1/26/1988,218
1/27/1988,210
1/28/1988,213
1/29/1988,246
1/30/1988,141
1/31/1988,187
2/1/1988,231
2/2/1988,237
2/3/1988,258
2/4/1988,252
2/5/1988,231
2/6/1988,181
2/7/1988,178
2/8/1988,264
2/9/1988,251
2/10/1988,240
2/11/1988,245
2/12/1988,232
2/13/1988,175
2/14/1988,172
2/15/1988,223
2/16/1988,232
2/17/1988,256
2/18/1988,241
2/19/1988,249
2/20/1988,206
2/21/1988,178
2/22/1988,253
2/23/1988,260
2/24/1988,246
2/25/1988,252
2/26/1988,259
2/27/1988,149
2/28/1988,183
2/29/1988,259
3/1/1988,228
3/2/1988,230
3/3/1988,290
3/4/1988,273
3/5/1988,187
3/6/1988,196
3/7/1988,221
3/8/1988,257
3/9/1988,276
3/10/1988,239
3/11/1988,264
3/12/1988,181
3/13/1988,165
3/14/1988,240
3/15/1988,281
3/16/1988,243
3/17/1988,299
3/18/1988,266
3/19/1988,195
3/20/1988,212
3/21/1988,229
3/22/1988,279
3/23/1988,266
3/24/1988,272
3/25/1988,291
3/26/1988,190
3/27/1988,192
3/28/1988,270
3/29/1988,252
3/30/1988,257
3/31/1988,301
4/1/1988,230
4/2/1988,200
4/3/1988,181
4/4/1988,215
4/5/1988,279
4/6/1988,264
4/7/1988,281
4/8/1988,262
4/9/1988,189
4/10/1988,217
4/11/1988,258
4/12/1988,265
4/13/1988,258
4/14/1988,268
4/15/1988,290
4/16/1988,220
4/17/1988,167
4/18/1988,281
4/19/1988,263
4/20/1988,285
4/21/1988,268
4/22/1988,256
4/23/1988,188
4/24/1988,195
4/25/1988,291
4/26/1988,276
4/27/1988,266
4/28/1988,276
4/29/1988,266
4/30/1988,176
5/1/1988,185
5/2/1988,260
5/3/1988,277
5/4/1988,268
5/5/1988,280
5/6/1988,293
5/7/1988,191
5/8/1988,187
5/9/1988,267
5/10/1988,284
5/11/1988,267
5/12/1988,275
5/13/1988,263
5/14/1988,210
5/15/1988,191
5/16/1988,281
5/17/1988,285
5/18/1988,233
5/19/1988,218
5/20/1988,294
5/21/1988,177
5/22/1988,192
5/23/1988,235
5/24/1988,249
5/25/1988,314
5/26/1988,289
5/27/1988,305
5/28/1988,206
5/29/1988,196
5/30/1988,257
5/31/1988,261
6/1/1988,249
6/2/1988,283
6/3/1988,246
6/4/1988,205
6/5/1988,208
6/6/1988,258
6/7/1988,263
6/8/1988,261
6/9/1988,274
6/10/1988,291
6/11/1988,184
6/12/1988,188
6/13/1988,267
6/14/1988,282
6/15/1988,276
6/16/1988,285
6/17/1988,299
6/18/1988,178
6/19/1988,194
6/20/1988,295
6/21/1988,270
6/22/1988,295
6/23/1988,263
6/24/1988,230
6/25/1988,189
6/26/1988,197
6/27/1988,258
6/28/1988,282
6/29/1988,239
6/30/1988,291
7/1/1988,221
7/2/1988,172
7/3/1988,207
7/4/1988,277
7/5/1988,243
7/6/1988,299
7/7/1988,308
7/8/1988,278
7/9/1988,218
7/10/1988,206
7/11/1988,287
7/12/1988,294
7/13/1988,236
7/14/1988,294
7/15/1988,281
7/16/1988,156
7/17/1988,171
7/18/1988,259
7/19/1988,275
7/20/1988,237
7/21/1988,261
7/22/1988,291
7/23/1988,193
7/24/1988,158
7/25/1988,258
7/26/1988,241
7/27/1988,239
7/28/1988,269
7/29/1988,278
7/30/1988,183
7/31/1988,185
8/1/1988,226
8/2/1988,260
8/3/1988,256
8/4/1988,255
8/5/1988,261
8/6/1988,190
8/7/1988,197
8/8/1988,274
8/9/1988,236
8/10/1988,251
8/11/1988,265
8/12/1988,271
8/13/1988,190
8/14/1988,190
8/15/1988,246
8/16/1988,267
8/17/1988,269
8/18/1988,288
8/19/1988,260
8/20/1988,198
8/21/1988,198
8/22/1988,221
8/23/1988,288
8/24/1988,275
8/25/1988,234
8/26/1988,271
8/27/1988,202
8/28/1988,192
8/29/1988,246
8/30/1988,239
8/31/1988,224
9/1/1988,242
9/2/1988,267
9/3/1988,228
9/4/1988,184
9/5/1988,196
9/6/1988,244
9/7/1988,247
9/8/1988,280
9/9/1988,276
9/10/1988,194
9/11/1988,192
9/12/1988,233
9/13/1988,281
9/14/1988,275
9/15/1988,268
9/16/1988,282
9/17/1988,208
9/18/1988,210
9/19/1988,292
9/20/1988,283
9/21/1988,278
9/22/1988,263
9/23/1988,261
9/24/1988,199
9/25/1988,203
9/26/1988,275
9/27/1988,255
9/28/1988,263
9/29/1988,280
9/30/1988,289
10/1/1988,193
10/2/1988,206
10/3/1988,235
10/4/1988,256
10/5/1988,264
10/6/1988,265
10/7/1988,289
10/8/1988,214
10/9/1988,183
10/10/1988,228
10/11/1988,247
10/12/1988,300
10/13/1988,273
10/14/1988,249
10/15/1988,209
10/16/1988,171
10/17/1988,269
10/18/1988,251
10/19/1988,236
10/20/1988,264
10/21/1988,238
10/22/1988,205
10/23/1988,206
10/24/1988,236
10/25/1988,241
10/26/1988,231
10/27/1988,257
10/28/1988,249
10/29/1988,170
10/30/1988,188
10/31/1988,229
11/1/1988,238
11/2/1988,253
11/3/1988,261
11/4/1988,240
11/5/1988,193
11/6/1988,208
11/7/1988,267
11/8/1988,245
11/9/1988,246
11/10/1988,258
11/11/1988,275
11/12/1988,198
11/13/1988,184
11/14/1988,241
11/15/1988,258
11/16/1988,242
11/17/1988,247
11/18/1988,251
11/19/1988,170
11/20/1988,178
11/21/1988,214
11/22/1988,228
11/23/1988,230
11/24/1988,236
11/25/1988,235
11/26/1988,173
11/27/1988,164
11/28/1988,255
11/29/1988,234
11/30/1988,232
12/1/1988,259
12/2/1988,264
12/3/1988,177
12/4/1988,171
12/5/1988,232
12/6/1988,249
12/7/1988,253
12/8/1988,245
12/9/1988,220
12/10/1988,165
12/11/1988,204
12/12/1988,232
12/13/1988,247
12/14/1988,263
12/15/1988,273
12/16/1988,277
12/17/1988,189
12/18/1988,139
12/19/1988,250
12/20/1988,284
12/21/1988,255
12/22/1988,256
12/23/1988,184
12/24/1988,173
12/25/1988,148
12/26/1988,166
12/27/1988,228
12/28/1988,272
12/29/1988,255
12/30/1988,227
12/31/1988,169
1/1/1989,180
1/2/1989,210
1/3/1989,233
1/4/1989,246
1/5/1989,269
1/6/1989,258
1/7/1989,189
1/8/1989,188
1/9/1989,242
1/10/1989,245
1/11/1989,280
1/12/1989,264
1/13/1989,261
1/14/1989,182
1/15/1989,180
1/16/1989,227
1/17/1989,244
1/18/1989,251
1/19/1989,285
1/20/1989,245
1/21/1989,200
1/22/1989,191
1/23/1989,266
1/24/1989,236
1/25/1989,230
1/26/1989,269
1/27/1989,260
1/28/1989,173
1/29/1989,150
1/30/1989,276
1/31/1989,247
2/1/1989,231
2/2/1989,234
2/3/1989,234
2/4/1989,180
2/5/1989,188
2/6/1989,260
2/7/1989,242
2/8/1989,250
2/9/1989,283
2/10/1989,283
2/11/1989,174
2/12/1989,178
2/13/1989,237
2/14/1989,305
2/15/1989,256
2/16/1989,270
2/17/1989,253
2/18/1989,188
2/19/1989,183
2/20/1989,263
2/21/1989,261
2/22/1989,278
2/23/1989,286
2/24/1989,253
2/25/1989,193
2/26/1989,205
2/27/1989,243
2/28/1989,236
3/1/1989,276
3/2/1989,261
3/3/1989,285
3/4/1989,214
3/5/1989,194
3/6/1989,269
3/7/1989,268
3/8/1989,257
3/9/1989,289
3/10/1989,287
3/11/1989,212
3/12/1989,186
3/13/1989,260
3/14/1989,289
3/15/1989,298
3/16/1989,300
3/17/1989,276
3/18/1989,186
3/19/1989,209
3/20/1989,291
3/21/1989,272
3/22/1989,284
3/23/1989,286
3/24/1989,238
3/25/1989,219
3/26/1989,193
3/27/1989,228
3/28/1989,280
3/29/1989,293
3/30/1989,323
3/31/1989,297
4/1/1989,215
4/2/1989,216
4/3/1989,290
4/4/1989,297
4/5/1989,281
4/6/1989,299
4/7/1989,298
4/8/1989,201
4/9/1989,221
4/10/1989,288
4/11/1989,288
4/12/1989,291
4/13/1989,274
4/14/1989,299
4/15/1989,216
4/16/1989,231
4/17/1989,295
4/18/1989,290
4/19/1989,275
4/20/1989,294
4/21/1989,316
4/22/1989,237
4/23/1989,221
4/24/1989,268
4/25/1989,320
4/26/1989,280
4/27/1989,278
4/28/1989,308
4/29/1989,198
4/30/1989,175
5/1/1989,271
5/2/1989,301
5/3/1989,285
5/4/1989,296
5/5/1989,266
5/6/1989,199
5/7/1989,231
5/8/1989,279
5/9/1989,288
5/10/1989,275
5/11/1989,283
5/12/1989,247
5/13/1989,216
5/14/1989,215
5/15/1989,242
5/16/1989,300
5/17/1989,270
5/18/1989,295
5/19/1989,277
5/20/1989,216
5/21/1989,209
5/22/1989,212
5/23/1989,281
5/24/1989,283
5/25/1989,297
5/26/1989,272
5/27/1989,202
5/28/1989,170
5/29/1989,288
5/30/1989,292
5/31/1989,279
6/1/1989,297
6/2/1989,264
6/3/1989,200
6/4/1989,232
6/5/1989,271
6/6/1989,298
6/7/1989,295
6/8/1989,290
6/9/1989,308
6/10/1989,229
6/11/1989,196
6/12/1989,265
6/13/1989,298
6/14/1989,274
6/15/1989,310
6/16/1989,313
6/17/1989,198
6/18/1989,217
6/19/1989,304
6/20/1989,316
6/21/1989,323
6/22/1989,327
6/23/1989,229
6/24/1989,208
6/25/1989,208
6/26/1989,281
6/27/1989,293
6/28/1989,323
6/29/1989,323
6/30/1989,282
7/1/1989,212
7/2/1989,212
7/3/1989,244
7/4/1989,279
7/5/1989,309
7/6/1989,327
7/7/1989,308
7/8/1989,234
7/9/1989,208
7/10/1989,295
7/11/1989,285
7/12/1989,282
7/13/1989,300
7/14/1989,298
7/15/1989,206
7/16/1989,225
7/17/1989,269
7/18/1989,308
7/19/1989,290
7/20/1989,275
7/21/1989,243
7/22/1989,236
7/23/1989,187
7/24/1989,274
7/25/1989,275
7/26/1989,279
7/27/1989,301
7/28/1989,285
7/29/1989,198
7/30/1989,197
7/31/1989,255
8/1/1989,268
8/2/1989,300
8/3/1989,302
8/4/1989,286
8/5/1989,217
8/6/1989,199
8/7/1989,254
8/8/1989,288
8/9/1989,294
8/10/1989,307
8/11/1989,297
8/12/1989,204
8/13/1989,195
8/14/1989,250
8/15/1989,293
8/16/1989,273
8/17/1989,297
8/18/1989,293
8/19/1989,196
8/20/1989,214
8/21/1989,273
8/22/1989,286
8/23/1989,266
8/24/1989,248
8/25/1989,273
8/26/1989,175
8/27/1989,208
8/28/1989,265
8/29/1989,299
8/30/1989,281
8/31/1989,289
9/1/1989,271
9/2/1989,206
9/3/1989,182
9/4/1989,201
9/5/1989,223
9/6/1989,276
9/7/1989,301
9/8/1989,283
9/9/1989,228
9/10/1989,227
9/11/1989,285
9/12/1989,306
9/13/1989,262
9/14/1989,284
9/15/1989,275
9/16/1989,246
9/17/1989,204
9/18/1989,310
9/19/1989,314
9/20/1989,306
9/21/1989,289
9/22/1989,306
9/23/1989,213
9/24/1989,230
9/25/1989,279
9/26/1989,295
9/27/1989,302
9/28/1989,306
9/29/1989,280
9/30/1989,218
10/1/1989,202
10/2/1989,253
10/3/1989,278
10/4/1989,245
10/5/1989,278
10/6/1989,293
10/7/1989,216
10/8/1989,204
10/9/1989,224
10/10/1989,266
10/11/1989,296
10/12/1989,301
10/13/1989,272
10/14/1989,221
10/15/1989,208
10/16/1989,250
10/17/1989,280
10/18/1989,253
10/19/1989,258
10/20/1989,260
10/21/1989,180
10/22/1989,171
10/23/1989,221
10/24/1989,226
10/25/1989,272
10/26/1989,293
10/27/1989,243
10/28/1989,185
10/29/1989,195
10/30/1989,215
10/31/1989,220
11/1/1989,280
11/2/1989,255
11/3/1989,259
11/4/1989,193
11/5/1989,205
11/6/1989,242
11/7/1989,280
11/8/1989,262
11/9/1989,272
11/10/1989,265
11/11/1989,201
11/12/1989,184
11/13/1989,232
11/14/1989,241
11/15/1989,274
11/16/1989,252
11/17/1989,275
11/18/1989,182
11/19/1989,199
11/20/1989,259
11/21/1989,287
11/22/1989,266
11/23/1989,281
11/24/1989,265
11/25/1989,209
11/26/1989,187
11/27/1989,250
11/28/1989,269
11/29/1989,292
11/30/1989,246
12/1/1989,259
12/2/1989,187
12/3/1989,196
12/4/1989,267
12/5/1989,258
12/6/1989,249
12/7/1989,277
12/8/1989,265
12/9/1989,200
12/10/1989,180
12/11/1989,220
12/12/1989,267
12/13/1989,255
12/14/1989,292
12/15/1989,278
12/16/1989,178
12/17/1989,184
12/18/1989,270
12/19/1989,308
12/20/1989,276
12/21/1989,288
12/22/1989,258
12/23/1989,167
12/24/1989,178
12/25/1989,180
12/26/1989,174
12/27/1989,269
12/28/1989,332
12/29/1989,309
12/30/1989,213
12/31/1989,189
1/1/1990,211
1/2/1990,183
1/3/1990,251
1/4/1990,298
1/5/1990,281
1/6/1990,210
1/7/1990,213
1/8/1990,258
1/9/1990,247
1/10/1990,288
1/11/1990,272
1/12/1990,248
1/13/1990,202
1/14/1990,179
1/15/1990,234
1/16/1990,254
1/17/1990,269
1/18/1990,261
1/19/1990,248
1/20/1990,207
1/21/1990,190
1/22/1990,282
1/23/1990,270
1/24/1990,280
1/25/1990,267
1/26/1990,263
1/27/1990,200
1/28/1990,170
1/29/1990,255
1/30/1990,293
1/31/1990,259
2/1/1990,254
2/2/1990,324
2/3/1990,225
2/4/1990,184
2/5/1990,264
2/6/1990,253
2/7/1990,244
2/8/1990,321
2/9/1990,283
2/10/1990,244
2/11/1990,207
2/12/1990,275
2/13/1990,276
2/14/1990,298
2/15/1990,305
2/16/1990,261
2/17/1990,210
2/18/1990,207
2/19/1990,262
2/20/1990,294
2/21/1990,294
2/22/1990,301
2/23/1990,291
2/24/1990,203
2/25/1990,222
2/26/1990,255
2/27/1990,262
2/28/1990,271
3/1/1990,296
3/2/1990,291
3/3/1990,213
3/4/1990,207
3/5/1990,246
3/6/1990,291
3/7/1990,285
3/8/1990,292
3/9/1990,301
3/10/1990,206
3/11/1990,222
3/12/1990,288
3/13/1990,297
3/14/1990,303
3/15/1990,295
3/16/1990,304
3/17/1990,205
3/18/1990,237
3/19/1990,292
3/20/1990,282
3/21/1990,317
3/22/1990,336
3/23/1990,321
3/24/1990,218
3/25/1990,229
3/26/1990,306
3/27/1990,318
3/28/1990,317
3/29/1990,304
3/30/1990,315
3/31/1990,237
4/1/1990,197
4/2/1990,321
4/3/1990,292
4/4/1990,321
4/5/1990,344
4/6/1990,344
4/7/1990,214
4/8/1990,201
4/9/1990,285
4/10/1990,288
4/11/1990,330
4/12/1990,355
4/13/1990,280
4/14/1990,196
4/15/1990,212
4/16/1990,270
4/17/1990,315
4/18/1990,344
4/19/1990,353
4/20/1990,341
4/21/1990,240
4/22/1990,219
4/23/1990,310
4/24/1990,300
4/25/1990,307
4/26/1990,342
4/27/1990,327
4/28/1990,259
4/29/1990,218
4/30/1990,290
5/1/1990,325
5/2/1990,346
5/3/1990,301
5/4/1990,322
5/5/1990,245
5/6/1990,230
5/7/1990,295
5/8/1990,330
5/9/1990,312
5/10/1990,328
5/11/1990,305
5/12/1990,230
5/13/1990,211
5/14/1990,285
5/15/1990,313
5/16/1990,319
5/17/1990,298
5/18/1990,290
5/19/1990,223
5/20/1990,225
5/21/1990,240
5/22/1990,278
5/23/1990,339
5/24/1990,330
5/25/1990,324
5/26/1990,234
5/27/1990,208
5/28/1990,296
5/29/1990,318
5/30/1990,317
5/31/1990,330
6/1/1990,305
6/2/1990,253
6/3/1990,225
6/4/1990,271
6/5/1990,286
6/6/1990,319
6/7/1990,287
6/8/1990,295
6/9/1990,247
6/10/1990,228
6/11/1990,267
6/12/1990,330
6/13/1990,304
6/14/1990,339
6/15/1990,280
6/16/1990,253
6/17/1990,227
6/18/1990,305
6/19/1990,305
6/20/1990,321
6/21/1990,312
6/22/1990,305
6/23/1990,211
6/24/1990,215
6/25/1990,215
6/26/1990,287
6/27/1990,311
6/28/1990,318
6/29/1990,310
6/30/1990,216
7/1/1990,239
7/2/1990,223
7/3/1990,290
7/4/1990,295
7/5/1990,337
7/6/1990,278
7/7/1990,201
7/8/1990,200
7/9/1990,279
7/10/1990,334
7/11/1990,301
7/12/1990,311
7/13/1990,302
7/14/1990,231
7/15/1990,237
7/16/1990,252
7/17/1990,306
7/18/1990,305
7/19/1990,298
7/20/1990,283
7/21/1990,220
7/22/1990,226
7/23/1990,286
7/24/1990,295
7/25/1990,307
7/26/1990,290
7/27/1990,263
7/28/1990,210
7/29/1990,236
7/30/1990,299
7/31/1990,306
8/1/1990,305
8/2/1990,286
8/3/1990,319
8/4/1990,232
8/5/1990,216
8/6/1990,245
8/7/1990,305
8/8/1990,289
8/9/1990,314
8/10/1990,297
8/11/1990,212
8/12/1990,218
8/13/1990,264
8/14/1990,288
8/15/1990,312
8/16/1990,303
8/17/1990,276
8/18/1990,239
8/19/1990,213
8/20/1990,270
8/21/1990,316
8/22/1990,296
8/23/1990,298
8/24/1990,286
8/25/1990,264
8/26/1990,218
8/27/1990,268
8/28/1990,282
8/29/1990,318
8/30/1990,280
8/31/1990,302
9/1/1990,224
9/2/1990,175
9/3/1990,218
9/4/1990,284
9/5/1990,303
9/6/1990,293
9/7/1990,350
9/8/1990,226
9/9/1990,217
9/10/1990,319
9/11/1990,294
9/12/1990,309
9/13/1990,315
9/14/1990,309
9/15/1990,241
9/16/1990,274
9/17/1990,275
9/18/1990,354
9/19/1990,278
9/20/1990,329
9/21/1990,305
9/22/1990,256
9/23/1990,217
9/24/1990,341
9/25/1990,296
9/26/1990,344
9/27/1990,331
9/28/1990,317
9/29/1990,229
9/30/1990,257
10/1/1990,285
10/2/1990,279
10/3/1990,301
10/4/1990,290
10/5/1990,318
10/6/1990,203
10/7/1990,200
10/8/1990,229
10/9/1990,292
10/10/1990,309
10/11/1990,282
10/12/1990,303
10/13/1990,224
10/14/1990,215
10/15/1990,268
10/16/1990,266
10/17/1990,283
10/18/1990,252
10/19/1990,289
10/20/1990,201
10/21/1990,220
10/22/1990,265
10/23/1990,288
10/24/1990,284
10/25/1990,299
10/26/1990,289
10/27/1990,206
10/28/1990,205
10/29/1990,255
10/30/1990,282
10/31/1990,274
11/1/1990,296
11/2/1990,293
11/3/1990,209
11/4/1990,197
11/5/1990,262
11/6/1990,308
11/7/1990,260
11/8/1990,290
11/9/1990,253
11/10/1990,206
11/11/1990,194
11/12/1990,262
11/13/1990,293
11/14/1990,256
11/15/1990,247
11/16/1990,265
11/17/1990,192
11/18/1990,217
11/19/1990,255
11/20/1990,268
11/21/1990,266
11/22/1990,265
11/23/1990,242
11/24/1990,187
11/25/1990,186
11/26/1990,248
11/27/1990,259
11/28/1990,264
11/29/1990,255
11/30/1990,260
12/1/1990,214
12/2/1990,177
12/3/1990,284
12/4/1990,261
12/5/1990,309
12/6/1990,295
12/7/1990,273
12/8/1990,181
12/9/1990,221
12/10/1990,249
12/11/1990,256
12/12/1990,279
12/13/1990,284
12/14/1990,282
12/15/1990,193
12/16/1990,182
12/17/1990,258
12/18/1990,309
12/19/1990,311
12/20/1990,285
12/21/1990,264
12/22/1990,207
12/23/1990,174
12/24/1990,181
12/25/1990,188
12/26/1990,221
12/27/1990,316
12/28/1990,335
12/29/1990,237
12/30/1990,229
12/31/1990,218
